"0","26","0","War.","3.65","https://www.lorempixel.com/267/349","Hold still professional key TV sort cultural at care share sit interesting television money student near then understand however effect."
"1","21","1","Skill.","302.12","https://dummyimage.com/968x138","Happen what record right conference tonight fight study miss minute live student plan among relate decade on everybody author room skin laugh class paper base."
"2","3","2","Late.","175.42","https://dummyimage.com/21x158","Resource good interview guy as number go year garden leave world science reflect second performance study car rule her newspaper teacher section present when institution agency."
"3","53","3","Policy.","150.40","https://dummyimage.com/436x226","Rule including physical safe put same former picture western ability woman head everything rate discussion determine reflect onto prepare."
"4","56","4","Theory.","202.37","https://dummyimage.com/767x830","Heavy upon require speak school night international else wish peace know draw better red about perhaps green score science door bar save lose bank once ahead."
"5","55","5","Blue.","212.61","https://placekitten.com/776/713","Off special drop even program run ability picture manager product shake agree about compare guess manager never similar identify usually site while strategy say left yes hard clear they left tell level stuff back."
"6","3","6","Trouble.","420.74","https://dummyimage.com/169x230","Church nothing by it garden he market voice art by will leader management music others administration unit recent rise use body media discover easy agent professor show traditional show."
"7","39","7","His.","58.40","https://dummyimage.com/262x651","System rate myself big capital product open station check condition maintain strategy career various ready really girl sure fund environment including position fish admit price live family smile quite crime administration majority final."
"8","54","8","Across.","51.47","https://placeimg.com/505/491/any","Pretty history benefit team suggest executive nice care scene lay himself use still successful south risk tough floor try indeed send."
"9","22","9","Information.","127.04","https://placekitten.com/239/577","Approach fine force back offer subject particular bit economic fast fine rock information as receive difficult yard age star member entire child data experience as term develop at man candidate government."
"10","55","10","Idea.","332.42","https://www.lorempixel.com/951/278","Write usually design whether available everyone society young break feeling level his create economic specific apply staff from race street perform."
"11","15","11","Finally.","471.04","https://placeimg.com/468/355/any","Individual reach four brother other tree away help likely painting way successful why list improve serious design increase color between skill admit reflect stage visit strategy speak well hit doctor both change clearly."
"12","23","12","Probably.","53.02","https://placeimg.com/789/53/any","Effect force research special night debate say professional within allow eat position story sense painting at baby figure home officer son walk house."
"13","52","13","These.","489.27","https://www.lorempixel.com/1012/357","Could carry especially just control local even environmental score increase audience president night member herself partner better."
"14","58","14","Strategy.","112.56","https://placeimg.com/394/419/any","Person cultural item national seem effort long pattern catch woman raise easy popular away war word if light alone represent development."
"15","39","15","School.","207.00","https://dummyimage.com/495x967","Sing read reduce his science good major step along marriage east trial cut life fear boy role worry program new article protect American case power teacher member simple model off official."
"16","4","16","Help.","483.95","https://www.lorempixel.com/436/40","Her once success four into lay game huge low rule item never eight court wide child half plant visit rather she trade federal answer kitchen goal our grow play design go."
"17","10","17","Be.","199.73","https://placekitten.com/666/531","Themselves purpose seat water nothing successful change than and again dinner somebody remember they garden through sport its tax force."
"18","37","18","Author.","143.39","https://dummyimage.com/270x7","Win purpose case well though seat meet quality offer measure beautiful history hotel leader step federal board data newspaper I wide campaign might south expert."
"19","57","19","Need.","389.54","https://www.lorempixel.com/533/692","Alone option ready trouble western car break early sort can election morning reflect school couple finally turn mean power dog safe feeling out Mrs nearly way great a."
"20","8","20","Reduce.","418.11","https://placeimg.com/445/550/any","Majority police important add head learn expect forward huge add half up trip foot face pay customer development painting course else account listen tax from run manager cell away mind ok reach same food."
"21","5","21","Before.","256.82","https://placekitten.com/832/477","Career control discussion whose although beyond important party skin single at right together coach production professor past contain investment expert."
"22","51","22","Message.","42.17","https://www.lorempixel.com/580/137","Keep travel least watch whether operation necessary some color step account join three prepare direction after listen prevent point glass picture run quite since population develop amount mouth pattern."
"23","5","23","Level.","161.17","https://www.lorempixel.com/894/929","Line attention take evidence any name measure among memory short now score ever note save account case talk provide."
"24","46","24","List.","225.76","https://www.lorempixel.com/1016/613","Business community any eat also her cultural may explain move parent skin past if race town town present budget particular ok something not better speech least official goal improve analysis."
"25","32","25","Answer.","421.19","https://dummyimage.com/737x694","With teacher establish where change brother spend ahead action why bad say event number local."
"26","9","26","Possible.","263.27","https://dummyimage.com/427x380","Quality study central explain say arrive street report high poor energy news alone card culture help official leader international when then play have whole building newspaper candidate natural lead even relationship article other."
"27","25","27","Cup.","181.44","https://dummyimage.com/840x969","Soon pressure outside however certainly detail cultural so art so level rule stuff police people country different prepare wait movie adult summer travel catch huge research item life song."
"28","50","28","Production.","347.98","https://placekitten.com/618/382","Ahead stock hear worry box onto would behind may matter hope evening herself whatever across career hotel environment prepare tax money everything."
"29","45","29","Image.","263.94","https://placekitten.com/143/122","Fall bit nation reach write certain wide give front manager course avoid condition despite south possible chance manage position water Democrat owner authority house never agent meet figure nearly lose."
"30","40","30","Ago.","100.77","https://dummyimage.com/708x114","Social protect style others response fly trouble Republican price game quite own key newspaper theory job free product behind suffer to remain thank show cultural political natural road last sign government."
"31","11","31","Each.","362.97","https://www.lorempixel.com/586/689","Carry investment mean wife attack memory staff environmental shoulder decade modern force buy account simple child campaign check factor describe theory sell our for force mention opportunity rock might."
"32","48","32","Free.","264.37","https://placeimg.com/296/800/any","With election serve sea PM us fill analysis hope safe picture film media bed win goal thousand enjoy."
"33","21","33","Quickly.","471.75","https://www.lorempixel.com/170/197","Attorney off human eat guess black past middle forward foreign interesting hold level audience school back keep outside general special building expect push what certain country mother positive major brother customer law."
"34","36","34","Sea.","126.24","https://www.lorempixel.com/352/427","Citizen break save society least tend society cold economy positive fast fight direction challenge adult later manage president call former join base."
"35","12","35","Still.","252.09","https://placekitten.com/953/954","Yes ground everything develop role base down his that late baby social successful fight nearly play."
"36","53","36","Occur.","253.55","https://dummyimage.com/1007x355","Today best skin first collection whether issue story choice however tax appear moment would Congress perform read production win form great doctor common treat stay parent behavior each data money."
"37","18","37","Its.","410.26","https://placeimg.com/590/666/any","Pay medical ball too particularly represent arm ready foreign whose us strategy recent hotel population husband impact particular central seven."
"38","23","38","House.","82.93","https://dummyimage.com/151x743","And black Republican sort heavy degree wonder make rock could consumer help area piece stop benefit road north speech reason shoulder after control these short environmental save."
"39","22","39","Music.","403.09","https://placeimg.com/183/169/any","Minute dinner at hold white spend story the partner positive single produce almost chance recent civil analysis nothing site class class at former wife wrong nor."
"40","41","40","Natural.","354.20","https://placeimg.com/292/11/any","Doctor ability security culture something type off exist paper as enter camera special national employee lose organization foreign pass culture."
"41","51","41","Spring.","456.97","https://www.lorempixel.com/535/564","Remember account several thank college discover first high wind since floor east expect he agreement special hotel develop fund building hand gun trip one."
"42","25","42","Effect.","255.05","https://placekitten.com/877/117","Trade article head beyond reveal successful seem remain fact sense decade hear wide their south between interest program state certainly skill white play affect significant entire away case especially class already."
"43","24","43","Determine.","196.98","https://www.lorempixel.com/910/43","Enjoy than occur occur travel beyond item debate him alone suggest accept school mean performance act across expert subject vote final walk range international shoulder field happen."
"44","53","44","Remain.","326.46","https://www.lorempixel.com/25/57","Should oil its mission claim improve value per enough enough responsibility significant form left land rate consider research majority type girl control offer lot travel that set accept city mother last score however reach."
"45","48","45","Nearly.","9.68","https://placekitten.com/738/520","Interesting eat be air yourself best pick write amount identify bit once play before nearly born herself how interest oil."
"46","9","46","Identify.","258.51","https://dummyimage.com/411x192","About region industry hot member itself later for today clearly occur scene stand shoulder avoid Congress list community theory save home sure child player any."
"47","12","47","Who.","150.44","https://www.lorempixel.com/957/354","Of instead tonight yet order party bit dinner join ahead church responsibility these star boy move skill effect might people recent family I history exist television along sure edge."
"48","3","48","Staff.","279.11","https://dummyimage.com/747x89","Door will floor employee drug type million assume shake organization cost fire else feel fly season most air usually factor level best."
"49","59","49","Anything.","8.17","https://www.lorempixel.com/840/361","Dream sell include personal scene account short space morning movement stay skill cell local society."
"50","13","50","Pattern.","140.23","https://www.lorempixel.com/872/982","Management before agent ok see civil forward simply less campaign sit increase challenge since within five safe produce may race live near center your check if boy goal develop."
"51","23","51","Month.","360.68","https://www.lorempixel.com/751/721","Traditional suggest event organization top through technology thing risk value two technology get boy break present authority son will rate travel soldier strong charge director compare might field meet all identify into."
"52","59","52","Collection.","178.10","https://placeimg.com/289/481/any","Sign know laugh laugh administration main project now its begin hair drive difference experience get from land population fly season success foreign however government trouble."
"53","59","53","Marriage.","269.85","https://placeimg.com/980/692/any","Technology size reflect administration adult street director peace certainly condition main garden parent green listen field rise alone."
"54","1","54","Gas.","111.70","https://placeimg.com/269/844/any","House prevent check country outside create performance such movie address service ever impact explain civil positive same amount hear."
"55","47","55","Actually.","160.14","https://dummyimage.com/70x118","Development base establish people treatment this three short so defense live center friend job rather politics lay foot respond."
"56","44","56","Add.","474.70","https://placeimg.com/388/484/any","Can already side image leg quite improve kitchen hit imagine reveal after determine population power them authority attorney audience want."
"57","5","57","Forget.","73.60","https://dummyimage.com/492x422","Paper gun avoid within should notice market building hot style might evidence into represent now various keep various south certain news particularly system side development."
"58","16","58","Page.","156.22","https://placekitten.com/401/732","Bar really stuff something yes security add service activity travel will way ground wait accept number."
"59","7","59","Support.","66.81","https://www.lorempixel.com/687/477","Fear list she thing west growth important serve compare dark design treatment table star between."
"60","56","60","Agency.","298.19","https://placekitten.com/407/518","Listen scene executive stage hope action share make short always how officer trouble measure value occur leg first senior significant again former."
"61","20","61","Will.","281.59","https://dummyimage.com/692x676","Seek charge friend throughout since go into hand record without significant ability always help watch oil himself study middle."
"62","47","62","Common.","123.30","https://www.lorempixel.com/605/417","So list someone white enjoy join goal test animal enough southern particular institution lead rock nation fall very it eat likely town unit find close weight family friend total find paper dinner hundred doctor."
"63","7","63","Available.","351.79","https://dummyimage.com/166x163","Reduce energy animal still by can this will right fight people open spend piece power be nor result best chair cut early shoulder blood left deal particularly night positive young."
"64","25","64","Them.","45.46","https://www.lorempixel.com/135/800","What person put see age those rise this network on shoulder behavior purpose nor oil forget heart truth nothing feeling."
"65","1","65","Start.","9.33","https://dummyimage.com/656x253","Report level like man write state early game different forward human customer mission suffer pattern once impact agreement."
"66","0","66","But.","342.64","https://placeimg.com/932/650/any","Star teach sing against offer send fact economic never sort mind job this story room recognize present pattern court bill discussion while character."
"67","49","67","Speech.","215.71","https://www.lorempixel.com/436/850","West increase little open involve with piece particularly computer bank anyone environmental couple fall order."
"68","44","68","After.","149.86","https://placeimg.com/373/637/any","Think accept discuss leave political pressure him professional book forward light why page popular continue day source court relationship campaign mention treatment imagine community value store suddenly major who federal only easy though."
"69","32","69","Response.","364.22","https://placeimg.com/795/359/any","Road person national talk gun thing growth hair follow time set nor owner sell hotel western key do may job fact drug follow life none."
"70","57","70","Actually.","225.99","https://placekitten.com/806/654","Hundred pressure mission green various part kitchen store medical account note respond magazine speech music."
"71","14","71","Let.","273.06","https://placekitten.com/27/100","Include mission scene decision affect choose great tree deal front decade remain up people road last some friend cold major sister red necessary shake box letter school."
"72","39","72","Any.","196.15","https://placekitten.com/917/136","Red store carry conference read its southern rest pretty deal whom feeling inside decision term some until study share agree great statement truth could force subject enter challenge."
"73","37","73","Democrat.","142.06","https://www.lorempixel.com/578/531","Seven heavy music time option rich reflect onto of walk plant sign citizen however professor down cold indicate there character remain off good much spend off plant commercial address artist strong page very."
"74","50","74","Southern.","320.86","https://www.lorempixel.com/903/734","History culture sometimes happy she table office general culture others general recently way here under machine could suddenly take thank improve out than American resource."
"75","11","75","Thank.","211.97","https://dummyimage.com/226x851","House market tree ahead major good follow develop pass prove responsibility American involve enjoy growth assume foreign Mr minute although."
"76","54","76","Interesting.","356.93","https://placekitten.com/926/434","Medical hour reveal knowledge memory number crime reduce area expert here four him suffer lawyer."
"77","30","77","According.","289.35","https://placeimg.com/828/431/any","Fine if live newspaper hospital small some whom program movie perform much special modern major meet southern."
"78","15","78","Dark.","386.64","https://dummyimage.com/468x760","Leader half find purpose bed few there energy hundred low south owner institution hand nothing author sign soon particular building end return ever try product thing beyond attention last simply dark."
"79","29","79","Spring.","399.17","https://placekitten.com/997/340","Age everyone represent tonight although middle hot affect friend glass home six event time you man so officer consumer."
"80","39","80","Second.","457.99","https://www.lorempixel.com/522/345","Significant now when test simple cold someone boy explain especially tell risk decade candidate officer rate detail voice."
"81","16","81","Likely.","246.40","https://placeimg.com/763/981/any","Blood some between animal raise bring those push threat answer occur ask force modern realize line kid force wide house water rock look old week eye ok couple grow reality series treatment."
"82","31","82","Operation.","432.70","https://placeimg.com/203/835/any","Officer election important brother join positive least music technology oil adult size field his whom suddenly fine."
"83","14","83","Dinner.","367.96","https://www.lorempixel.com/140/732","Just able popular red arm unit event wrong time keep herself myself policy bring address where indicate decision southern."
"84","23","84","With.","164.72","https://www.lorempixel.com/906/369","Through development decision focus north low statement report make economy today few of recent mother season behavior carry education room line because conference street take former describe need eight."
"85","24","85","Better.","377.92","https://www.lorempixel.com/531/957","Program food center move lay dark really against city write both necessary help six alone development article election machine affect message body perhaps only choose doctor artist whom value analysis prepare."
"86","27","86","Clear.","434.25","https://placekitten.com/384/985","Material week market moment nice industry culture face shoulder bad home affect wear anything admit table personal fast answer development right son real around soon stay fight easy rule government throw."
"87","39","87","Back.","327.30","https://www.lorempixel.com/154/935","Employee better wall goal mind fact heart particularly night money occur pick become study determine marriage information day white everybody and."
"88","7","88","Resource.","85.81","https://placekitten.com/438/669","East east wrong time pass material nice everyone personal power edge none each training senior former."
"89","29","89","Stock.","282.13","https://placekitten.com/491/687","Response option instead full use much more federal suffer rich seem plant prepare evidence certain for everybody society among less someone whatever goal nation somebody sometimes."
"90","50","90","Never.","136.03","https://www.lorempixel.com/965/469","What professional cover various second report certain possible him along bring notice outside west tonight color executive model early if cup true let tough collection head when project oil happy thing others between poor sister."
"91","53","91","Question.","257.17","https://placeimg.com/585/242/any","Return bed style board reflect wear similar Congress economic option feel fill about article lead air carry writer."
"92","23","92","Themselves.","143.20","https://placekitten.com/112/643","Until several sing quality relationship say poor church positive air collection work sign air method impact college hot under box whose president energy raise."
"93","45","93","Win.","445.94","https://dummyimage.com/363x817","Huge player me whole cup staff let decision itself allow we Mr media Democrat level well than court place history drop series middle thank."
"94","59","94","Forget.","313.45","https://placekitten.com/904/471","Hand speech green camera authority dark wrong inside write talk painting community close simple drug live if news detail run weight room east suffer child four."
"95","24","95","Guy.","178.40","https://placeimg.com/811/322/any","Camera thing lead from control their young although end too but out still many why pattern we notice course exist result newspaper home anyone this prepare political."
"96","56","96","Eat.","365.11","https://dummyimage.com/708x655","Court strategy base black cold near mission involve sell represent central feel right performance everybody key who strategy owner then public need media first seven language must since whole staff land onto board perhaps."
"97","52","97","Debate.","330.26","https://placeimg.com/291/505/any","Head should order impact within himself could town imagine believe talk education policy shoulder research daughter live final get personal character evening nearly consumer usually upon wish area quickly then financial."
"98","39","98","Carry.","105.14","https://www.lorempixel.com/816/411","Play exactly those fear subject particularly high contain like occur become claim Mrs center imagine according public task stand friend pretty firm begin understand else glass city television."
"99","37","99","Up.","423.99","https://placeimg.com/595/1023/any","Check religious teach free beyond pay style work choose simple around million accept buy article social yourself over company fast country girl medical perform girl front because again fast."
"100","55","0","Yeah.","92.64","https://www.lorempixel.com/542/917","Leg face carry fund be strong front you coach note and star individual decision yes end stay."
"101","13","1","Statement.","387.31","https://www.lorempixel.com/645/852","Dinner likely easy pressure forget shake wish employee whatever stay few heavy find bring sit."
"102","48","2","Adult.","200.39","https://dummyimage.com/197x139","Forget relate have oil recent job rule protect lay style position drive within rock short hard would whom everyone product."
"103","11","3","Own.","331.72","https://dummyimage.com/237x911","Step respond shake moment north himself build town call listen imagine rate animal save world condition industry memory north clearly identify every certainly decision lay market difference run decade alone always."
"104","3","4","Daughter.","349.93","https://www.lorempixel.com/913/428","Executive door benefit include song oil least stop chair around season right through ready across move ask head rate support fall commercial late black west can."
"105","35","5","Pattern.","471.97","https://placekitten.com/712/913","Question now reduce myself street scientist window program case leader raise early find sometimes relationship already team."
"106","22","6","Ok.","77.83","https://dummyimage.com/440x817","Blood yes report relate build including other order cell time other discuss light nature writer."
"107","28","7","Reason.","145.30","https://placeimg.com/761/24/any","Common identify recently my owner statement big treatment new much imagine performance then way many debate hear partner value wear note."
"108","2","8","Likely.","358.90","https://placeimg.com/1015/344/any","Especially family close relationship she event majority painting nothing matter available each research loss girl behavior particular."
"109","30","9","Government.","273.84","https://dummyimage.com/391x1013","Degree body her throw line employee recognize ahead town during party production style policy fact matter industry thought thus door heart city attorney hold ball."
"110","0","10","Three.","71.96","https://placeimg.com/779/591/any","Mention blue style much boy each physical think crime wind hope college executive really individual enjoy outside fall can college history."
"111","26","11","Way.","386.12","https://www.lorempixel.com/825/645","Consumer since address TV try factor manager against may factor nation ok exactly kid teacher response actually marriage table statement us gas know choice."
"112","6","12","Ten.","465.80","https://www.lorempixel.com/851/283","To easy coach consumer bar artist out outside discover significant show use accept into notice fund yard art against PM buy of behavior customer station officer toward each."
"113","17","13","Security.","238.01","https://placekitten.com/598/754","During share structure read product apply fall seem lose action film my break management answer heavy couple industry heavy street large cell talk upon black must picture man believe better quite which."
"114","13","14","Available.","287.60","https://dummyimage.com/825x935","Medical daughter now decision think kind should data true accept pull upon someone pick agree we after record call remember fact guy than arm from."
"115","29","15","President.","500.30","https://placekitten.com/677/644","Century between administration any safe voice deal campaign owner seem believe bring view ground case everybody effect pick system herself year let child company matter maybe."
"116","27","16","Election.","45.69","https://placekitten.com/281/968","Consumer owner charge market continue training site three occur others successful anything my myself all Republican account."
"117","44","17","Boy.","114.06","https://dummyimage.com/36x738","Team likely sort read security each role care field keep act often language through heart force."
"118","2","18","South.","174.61","https://dummyimage.com/901x376","As eight red both market necessary open pretty detail say protect senior program possible performance reveal city parent."
"119","51","19","Western.","287.37","https://www.lorempixel.com/959/830","Discover notice day lot would worker pay size economic on moment population hundred there certain full east debate western."
"120","27","20","But.","41.61","https://www.lorempixel.com/109/676","Behavior yet never recognize between news mind play instead field war sort American foot foreign former husband ball company clearly never quickly along firm we room response nation across popular."
"121","8","21","Son.","49.96","https://placekitten.com/1000/445","Act live voice allow her anyone sure type stop sister less type decision important law require from language at sense like morning talk night."
"122","5","22","Believe.","244.03","https://dummyimage.com/83x620","Heart make budget executive compare artist adult Democrat surface impact against probably drug would seek series form sense."
"123","11","23","Edge.","246.07","https://www.lorempixel.com/687/110","Together science property music reduce you military senior reflect author base international admit moment such add determine ten agent possible enjoy particular still why performance."
"124","49","24","Skin.","143.55","https://placeimg.com/1014/1015/any","Maybe myself find listen ground tree company prevent glass visit brother ago charge movement way your role hold personal large ago media building physical age safe mother fill."
"125","26","25","See.","154.19","https://placekitten.com/568/1002","Own very there dinner number actually whose smile newspaper my pressure same near six resource new public trip start describe human."
"126","52","26","Second.","2.29","https://dummyimage.com/858x33","Return forward major war while together church enough machine foot issue prevent teacher by north police shake foreign both material wrong camera."
"127","18","27","Inside.","87.94","https://placeimg.com/409/417/any","Rich trouble strategy also network security red himself job sound land more sister inside just several media least eight people right start what like image."
"128","57","28","Suffer.","382.15","https://www.lorempixel.com/250/428","With both black public drop born upon this course find peace north that official pay."
"129","59","29","Decade.","8.89","https://placeimg.com/679/408/any","Assume lead alone create deep live sing boy report meeting range activity walk begin how cell quite fall early budget stage deal employee son hospital reason."
"130","50","30","Dog.","114.15","https://placeimg.com/317/602/any","Have population take guy school yeah religious heart own whose risk resource popular let light bed year way personal group condition rock popular area group go."
"131","45","31","Per.","272.61","https://dummyimage.com/270x886","Not child prove pattern much live writer point certain turn budget action this radio whose car mean form water safe certainly significant fall former reality real deep street give already would."
"132","34","32","Own.","101.76","https://www.lorempixel.com/152/976","Let spend easy particular interesting hair identify probably everybody business by push wish baby dog worker reason season my like meeting government forward."
"133","28","33","Camera.","324.61","https://placekitten.com/299/963","South car painting employee within reach couple school among although evidence road yet lawyer performance still same."
"134","13","34","Plant.","70.09","https://placekitten.com/475/871","Factor citizen group wrong happen quite time southern table inside which should two help control thought what run amount guess safe."
"135","1","35","Full.","419.76","https://www.lorempixel.com/350/434","Could material such hotel assume become reduce right dog draw story some couple left couple director."
"136","54","36","View.","495.48","https://placekitten.com/335/108","Attorney interesting throughout add imagine goal step rest treat head you reason buy public nice but right which play down figure effect course official evidence act so space."
"137","40","37","Body.","338.38","https://placekitten.com/189/394","Rule only fall sing data surface really billion stage time late guess stand increase hold provide article drop join well my identify."
"138","47","38","Town.","15.02","https://placekitten.com/66/484","Drug child life sea show why every apply agent fear case wrong bad issue with style foreign dark enter politics evidence seek point compare only."
"139","10","39","Several.","166.97","https://dummyimage.com/820x627","Future couple leave song this eat expert produce fish record why discuss agreement reflect live political throughout name."
"140","15","40","Fill.","54.79","https://dummyimage.com/599x210","Parent one man main east play whose step dream soon tend company again serious then career production time easy his happy sing paper manager memory may bill letter adult lawyer challenge."
"141","13","41","Later.","414.96","https://placeimg.com/37/355/any","Yourself hear parent participant scientist arm shake sort eat upon change finally fast yet message agent gas project arrive court fund food treatment nature even officer."
"142","9","42","Computer.","177.73","https://placekitten.com/274/39","Friend follow career bad fine final provide moment main guess oil that spring human win whatever record billion today receive family side adult single guy forget newspaper toward meet difficult leader happy small ago."
"143","7","43","Option.","415.29","https://placeimg.com/1009/186/any","Direction rock how test street official special senior population worry remember teacher site stop ten wife position floor amount either sometimes sign chance especially certainly move answer conference everybody write."
"144","8","44","Add.","123.96","https://www.lorempixel.com/908/169","Debate color perhaps much tough coach stop age list newspaper pay mouth onto generation small something wall assume turn war son thus paper level worker pay their rather almost establish such upon far."
"145","3","45","Five.","191.79","https://dummyimage.com/694x392","Who environment often as I remain enter respond need floor life society girl approach car senior election side even."
"146","16","46","Less.","73.42","https://placekitten.com/468/295","Show especially energy rule foreign leave before laugh never treat decade very future animal training only."
"147","2","47","According.","451.80","https://www.lorempixel.com/408/415","Rise party three note action black throughout soldier bar do kind and medical level successful young matter those tell."
"148","37","48","Maybe.","245.29","https://placekitten.com/435/168","Always size friend man minute clear understand director Mrs huge with energy government could report such bank off still second past candidate candidate."
"149","50","49","News.","219.67","https://www.lorempixel.com/610/501","Yourself glass beyond big my away plan part relate mind table discuss best also reach some in general successful age but appear general today own have bill song federal nothing."
"150","51","0","Including.","320.67","https://placekitten.com/272/209","Price political popular care trouble kind fund glass five throw baby night else big morning next."
"151","22","1","Imagine.","470.70","https://placeimg.com/440/289/any","Magazine technology management matter policy strong them standard sure campaign military stay natural keep guy information wish dream young five player challenge mean fly three whatever break card now."
"152","35","2","Air.","387.94","https://www.lorempixel.com/373/71","Kid amount seek environment hold class sea soon everybody none available yourself station soon successful employee."
"153","31","3","Business.","427.51","https://placeimg.com/372/664/any","Speak plant American like million article arrive sort energy strong explain tough seek since treatment modern show against power performance plan."
"154","1","4","Size.","278.20","https://www.lorempixel.com/432/88","Remember do half fall subject together maybe alone conference surface security own mean growth matter major maybe assume professor enjoy church commercial down people you identify business health policy community option great health report."
"155","10","5","Current.","20.82","https://dummyimage.com/630x364","Thought activity debate true bank least what popular blood present nor into road pretty crime rest network decide pass."
"156","29","6","Theory.","181.84","https://dummyimage.com/784x182","Worry their fire beyond play study company question half also pull interview soldier down concern get serious these off partner conference claim agent discover sing ten cup care house speak often site."
"157","4","7","Fall.","12.19","https://placeimg.com/958/600/any","Believe attorney television bad year board director law author seven security everything church war real."
"158","24","8","Him.","109.71","https://placekitten.com/997/951","Bit thus beautiful feel mission involve now cover himself other sit quite mention do international traditional owner even everything discuss above."
"159","12","9","Group.","254.32","https://dummyimage.com/389x459","Usually find before test adult growth within authority conference politics support tell year everything mind short machine remember dark ball anything night open address red this peace part."
"160","42","10","Point.","80.28","https://www.lorempixel.com/747/371","Need future indicate within gun without attorney large specific cup threat morning look partner machine population minute day available we design require trip difference treat."
"161","54","11","Fact.","297.81","https://dummyimage.com/828x661","Wish before you save decade them do clear sport ball continue behavior phone physical stage ahead card seven affect avoid term participant doctor lead role yard majority control rich."
"162","19","12","Minute.","442.78","https://dummyimage.com/394x639","Decision everything join oil line service window public network image past hour response enjoy four probably oil political think technology stay general never increase perform hundred side relate remember until rock moment find assume."
"163","31","13","Commercial.","9.63","https://placeimg.com/216/307/any","Owner red have I meet amount gun control protect production especially above sometimes allow with about their month cup early way born happen more."
"164","22","14","Red.","195.00","https://dummyimage.com/951x651","Require there true production phone responsibility about field play small control business page modern Mrs lose structure born."
"165","15","15","Project.","422.52","https://placekitten.com/111/789","Goal defense view simply though goal identify deep again life player week window early side common civil."
"166","36","16","Western.","305.88","https://www.lorempixel.com/469/637","Often piece off rest memory chance new cut read particularly improve these finish yes open toward natural out should first usually worry company behind whole down add participant reveal."
"167","48","17","Poor.","248.39","https://placeimg.com/369/160/any","In green garden personal moment media knowledge and action while size success attention entire example exactly man system kitchen space notice government citizen away media set."
"168","55","18","Attention.","329.08","https://placekitten.com/484/142","Then none prepare them rather baby well parent here address foot recently art run behavior how million analysis bad talk while civil stand."
"169","38","19","Add.","269.77","https://www.lorempixel.com/219/340","Feel benefit for thousand drop now usually probably same her box tonight most mind article painting learn shoulder green itself particular."
"170","17","20","Any.","458.02","https://dummyimage.com/276x776","Too personal phone follow fight test administration discover method would article blue everything level against eight opportunity maybe future pay car character evidence week inside firm sea successful check."
"171","58","21","Hospital.","259.25","https://dummyimage.com/1010x800","Forget sit save necessary officer bed cost understand two difference down body return number between save like affect weight center."
"172","57","22","Model.","379.83","https://www.lorempixel.com/255/684","Speech middle response already computer daughter man city beyond no board whether since yeah she fear speech cut but fish red budget three."
"173","4","23","My.","303.97","https://dummyimage.com/149x505","Far my plan open room really floor want wear fast learn hit bar near sport dog most over both industry."
"174","6","24","Me.","311.48","https://www.lorempixel.com/968/426","Laugh decision management space less along woman affect exactly memory pay institution who wait fast develop hand good let easy commercial fall lead charge reach set everybody."
