"tamaramorrison@hotmail.com","pass0"
"carlsonholly@yahoo.com","pass1"
"bairdemma@hotmail.com","pass2"
"zsmith@hotmail.com","pass3"
"berryerika@hotmail.com","pass4"
"debra94@gmail.com","pass5"
"eric22@gmail.com","pass6"
"bramirez@gmail.com","pass7"
"yroman@hotmail.com","pass8"
"nhenson@yahoo.com","pass9"
"jensenanthony@hotmail.com","pass10"
"jennifersimmons@hotmail.com","pass11"
"stephanie28@gmail.com","pass12"
"mark06@yahoo.com","pass13"
"gutierrezbryan@yahoo.com","pass14"
"andrewholloway@hotmail.com","pass15"
"gonzalezsusan@gmail.com","pass16"
"deleonwilliam@gmail.com","pass17"
"simpsonstacey@hotmail.com","pass18"
"meyerchristine@yahoo.com","pass19"
"lopezsarah@hotmail.com","pass20"
"janet06@gmail.com","pass21"
"martintyler@gmail.com","pass22"
"hendersongavin@gmail.com","pass23"
"twright@hotmail.com","pass24"
"jack27@hotmail.com","pass25"
"newtonsean@hotmail.com","pass26"
"destinywoods@hotmail.com","pass27"
"santanajimmy@gmail.com","pass28"
"yfitzgerald@hotmail.com","pass29"
"luke15@gmail.com","pass30"
"tbraun@gmail.com","pass31"
"aanderson@hotmail.com","pass32"
"pperez@hotmail.com","pass33"
"justinbonilla@hotmail.com","pass34"
"richardsandrew@hotmail.com","pass35"
"jesse06@hotmail.com","pass36"
"johnny46@hotmail.com","pass37"
"freynolds@yahoo.com","pass38"
"lewisabigail@yahoo.com","pass39"
"richard56@yahoo.com","pass40"
"rfuentes@yahoo.com","pass41"
"amandarobinson@hotmail.com","pass42"
"gstone@yahoo.com","pass43"
"ginamartinez@yahoo.com","pass44"
"powelljudy@hotmail.com","pass45"
"elizabethstewart@hotmail.com","pass46"
"kaitlyn18@hotmail.com","pass47"
"ywallace@hotmail.com","pass48"
"ricksmith@yahoo.com","pass49"
"richardharding@yahoo.com","pass50"
"martinezsarah@hotmail.com","pass51"
"alexanderboyd@yahoo.com","pass52"
"mcculloughpatrick@yahoo.com","pass53"
"jason73@yahoo.com","pass54"
"susan41@hotmail.com","pass55"
"patrick03@hotmail.com","pass56"
"jmcmahon@gmail.com","pass57"
"brownshane@yahoo.com","pass58"
"gregorymontgomery@hotmail.com","pass59"
"nathan44@hotmail.com","pass60"
"qdyer@yahoo.com","pass61"
"debra49@yahoo.com","pass62"
"amanda91@hotmail.com","pass63"
"mhiggins@hotmail.com","pass64"
"mary99@gmail.com","pass65"
"heatherroman@hotmail.com","pass66"
"jeffreysmith@gmail.com","pass67"
"joshuawatson@hotmail.com","pass68"
"christopherwilson@hotmail.com","pass69"
"patricia10@yahoo.com","pass70"
"michael74@yahoo.com","pass71"
"upayne@hotmail.com","pass72"
"kathrynespinoza@gmail.com","pass73"
"nicole92@hotmail.com","pass74"
"alexandramitchell@gmail.com","pass75"
"gregg31@yahoo.com","pass76"
"evanslisa@gmail.com","pass77"
"shawnharris@gmail.com","pass78"
"danieltucker@hotmail.com","pass79"
"morgantaylor@hotmail.com","pass80"
"debra23@yahoo.com","pass81"
"petersonshelly@gmail.com","pass82"
"valerie19@hotmail.com","pass83"
"paul12@yahoo.com","pass84"
"barbaranewton@yahoo.com","pass85"
"rbuchanan@yahoo.com","pass86"
"christopher24@gmail.com","pass87"
"mercadobrandon@gmail.com","pass88"
"bnelson@yahoo.com","pass89"
"snyderamber@gmail.com","pass90"
"cantupatricia@yahoo.com","pass91"
"stuartdavis@yahoo.com","pass92"
"howardgregory@yahoo.com","pass93"
"paullawrence@yahoo.com","pass94"
"steinpamela@gmail.com","pass95"
"ian93@yahoo.com","pass96"
"nrogers@gmail.com","pass97"
"troylopez@yahoo.com","pass98"
"audrey02@gmail.com","pass99"
