"0","tamaramorrison@hotmail.com","pbkdf2:sha256:260000$cDMIVXZzJEfQ6hTx$67c3f55e71e92eddcedafecc050a202b548e26a7ccaeddba907c2ac110d5eca8","9342 Lori Bypass Suite 711
East Sandra, CO 92162","Gary","Cross","945.69"
"1","carlsonholly@yahoo.com","pbkdf2:sha256:260000$2DmDI5lZoIwlnN93$db36e337dc3a9e2a07d8bd33e916d663f6fd3bb1e3085928af67836f0bb20ea7","230 Megan Junctions Suite 197
North Thomas, OK 67164","Tracy","Robbins","939.39"
"2","bairdemma@hotmail.com","pbkdf2:sha256:260000$fqEtX1qVdnYGWJr5$503295c02645e288cac0ad8d1d572f3f2cde96680906f5682015eb4ac1581157","4217 Burton Brooks
Robinville, KS 17988","Anthony","Carson","669.66"
"3","zsmith@hotmail.com","pbkdf2:sha256:260000$VMz0Z9bPL1JdqDix$054b919f69af6ee42bec5860f02be9196dbd09d7c08ef706860b75d5a0ac839a","361 Robinson Green Apt. 635
North Lynntown, NC 59694","Sara","Evans","770.86"
"4","berryerika@hotmail.com","pbkdf2:sha256:260000$Pu16OwKkgbB8Kmg5$cacf6e9ca72e511d1f96edcf195ef02e63db011b0b0767b19bb8bd4bafb9c70a","634 Petersen Orchard
Lawsonbury, AK 86613","Charles","Scott","906.00"
"5","debra94@gmail.com","pbkdf2:sha256:260000$to0PjGNZxIz3fDyj$c697fda0191c2e9b1a1934e3306f2f57824d63e7751a7f9c4910f8c8e59b819a","306 Watson Field
Kellyland, AZ 64223","John","Ellis","261.03"
"6","eric22@gmail.com","pbkdf2:sha256:260000$nQudqzns5bhZwbQ4$d56aa5a6ac246006b4f0e50f72a97ad3c0f77603960408c337b7036f2e3a0183","45602 Phillip Squares
East Robertside, WA 19150","Melissa","Cantu","605.54"
"7","bramirez@gmail.com","pbkdf2:sha256:260000$EqVzCebYt81Dh73a$f7f0a7f434882d9c0df7255441a8eea8f7b58be1761b3f69468e6ee068ec189e","46896 Garcia Glen
Justinborough, CO 05147","Michael","Montgomery","72.33"
"8","yroman@hotmail.com","pbkdf2:sha256:260000$GLRaZIAkGuTyuMOM$192498b2bdd4a42747be0521e97cfc981bd9e74b5230878976bd8ae55a2942df","90603 Monica Lakes Apt. 239
Cheyennehaven, LA 46778","Andrew","Oliver","421.58"
"9","nhenson@yahoo.com","pbkdf2:sha256:260000$1Erdfrj2xUtpTjbZ$1a3294024c67c605c769e3b3b4fc264fe1922a2592e75bb5c6f1d3dce1ac93f0","602 Tracy Crossroad Suite 556
New Rachelside, ID 93702","Kristen","Smith","303.99"
"10","jensenanthony@hotmail.com","pbkdf2:sha256:260000$TgW1xbfHMRkNzHUd$702694b0cab82b527e15ec0038d10bde4ff846bf13c8e8ba90a3c33b16f0f9a3","38277 Padilla Common Suite 296
Port Leslie, MS 08257","Mark","Burnett","213.04"
"11","jennifersimmons@hotmail.com","pbkdf2:sha256:260000$qNOVuXWnpBVEf2Ct$e2f38604163580fbd0f33e3cbe82a79eb45f0d2770bda441771b74d38f6d4e29","299 Johnny Valley Suite 007
West Kellyberg, IA 67011","Cassandra","Murphy","364.20"
"12","stephanie28@gmail.com","pbkdf2:sha256:260000$jDIReCa7Xb6hTvHx$ec67d3029459bae59c3a0c0525d71556ec051ec1be209dfea10022138dbf07d7","188 Fischer Grove
Justinchester, VT 37258","Amber","Moore","968.33"
"13","mark06@yahoo.com","pbkdf2:sha256:260000$FVxbCPibPtFQ9BEy$0661f8d59d9dfd09a7fcb4b0f1b159ab6d37caf1f847942e2413c526f4910ba1","550 James Creek
Williamstown, MO 16920","David","Macias","783.81"
"14","gutierrezbryan@yahoo.com","pbkdf2:sha256:260000$LZAyARrFoWHuw4ML$d27daa7ebf84b64defaaadf377aba8f4b3f76c5fa9c5dfe1b5063cfa32bc4666","251 Brown Knoll
Emilyshire, NH 54532","Kelly","Mckinney","185.03"
"15","andrewholloway@hotmail.com","pbkdf2:sha256:260000$2QvxB0trFMRq4a0o$97176948c9c6bdc0f2a442c2496b4e103f949a7ee43501215d66454f31e61dcd","922 French Manor
Bradleymouth, IA 18566","John","Barron","372.65"
"16","gonzalezsusan@gmail.com","pbkdf2:sha256:260000$aXSQbxHZQ1oaSDIq$c6039dbb07ff188bba8f5deca6895d8125ccd2beaae1747f3436135c8d99440e","0486 Evelyn Grove Suite 352
North Christie, AK 56937","Sarah","Thomas","590.50"
"17","deleonwilliam@gmail.com","pbkdf2:sha256:260000$DA2gpN7u8Dx04xPh$cbde541af292e566574aa5c60f77fe2db95ea6560ffd001e961d93f7efd144ca","693 Erickson Lodge
Andrewberg, MS 22958","Maria","Harris","906.56"
"18","simpsonstacey@hotmail.com","pbkdf2:sha256:260000$pblCySy0HtCpBbaD$7ed5df98527617f64b288406ff866bed7a74b9d3690c788088b069a5ccd921cd","635 Valencia Drive Apt. 437
Justinberg, WI 16158","Charles","Shields","410.45"
"19","meyerchristine@yahoo.com","pbkdf2:sha256:260000$RABqPecxTUU4eIVF$3c88dbfbb99853771de32eb55f32c730c81aa3457053e26bc8b2227678961f95","66706 Patrick Track
New Stephanietown, MI 92756","Aimee","Nichols","376.43"
"20","lopezsarah@hotmail.com","pbkdf2:sha256:260000$VYG55aUOKSR9HRPZ$ff908fd4c321ea0cbb793d98a5c1dc6f0cf5e579dc7c84175f6e862843858093","50592 Myers Field
Crawfordburgh, AR 44929","Karen","Perez","908.97"
"21","janet06@gmail.com","pbkdf2:sha256:260000$DO3deNdmjTpChQxu$66d74b485ef037468dc02a32df731e43c9195cbd6ec82a41290fb4514b8f35a0","302 Parker Plains Apt. 197
East Robertstad, CO 98152","Mark","Mitchell","23.98"
"22","martintyler@gmail.com","pbkdf2:sha256:260000$zy4wGm6bZu9AeiV9$74ed19a17a14605eea4b0b1d98fa8f66ba46e15cad9f02994b56d7bd53571943","51986 John Cove Apt. 927
New Marybury, CT 73611","Timothy","Anderson","856.90"
"23","hendersongavin@gmail.com","pbkdf2:sha256:260000$peJKy17YQYUblOGw$7c45eace53aacc549756ba8eda305860c2793b0b6b492a17d1d7d50b0d87ddd3","0314 Madison Crossroad Suite 058
Martinezbury, LA 35700","Alejandra","Singleton","413.55"
"24","twright@hotmail.com","pbkdf2:sha256:260000$ozm0XJ4Ea7tTVLgc$61078ccefc884c88fa184237c4d4e644eabbfb7c88aa9b2d5175d2914a0963b9","92555 Shaw Spurs Suite 207
New Randy, ME 58221","Kim","Nolan","142.60"
"25","jack27@hotmail.com","pbkdf2:sha256:260000$oRTc61GIToWPMEpQ$300aed541c9e65f7720cfc75fa6b70d5a9083312d74e6011c63af280360adf2d","300 Merritt Bypass Apt. 816
Martinborough, AR 44951","William","Smith","994.17"
"26","newtonsean@hotmail.com","pbkdf2:sha256:260000$uGawySiBvfv09XxM$d58598b34fd356d1cde26c8d08f156823c7c5c61923d2e40c77f27c2c89ceea4","392 Barbara Heights
Johnnyfurt, AL 83909","Lisa","Beltran","882.06"
"27","destinywoods@hotmail.com","pbkdf2:sha256:260000$kRQ2ZU1GazVSu5rm$1cb071b88a0ec0f25ca398f32929fc24b0f5ee26e83cededdf589c96d534bb7f","78264 Lewis Burg
Lutzburgh, NV 41821","Rachael","Diaz","592.41"
"28","santanajimmy@gmail.com","pbkdf2:sha256:260000$loLTQbTLR2DoVif3$b9a7726d5ffd600b3e10e1bc372b73733d1d96914fca906b11fcc19e55b46286","96299 Joshua Estate Apt. 932
East Jonathan, ME 19541","Patrick","Graves","752.78"
"29","yfitzgerald@hotmail.com","pbkdf2:sha256:260000$H4yRIhORjhKDphKq$aa03c4e3a5a70648e8d2d83b71fd19c2a158d0e086e58c27e839494b4da6db31","049 Black Ports
Clarkborough, CO 13289","Katherine","Gomez","548.51"
"30","luke15@gmail.com","pbkdf2:sha256:260000$ZzTL435A8RDJqB3M$77d357d17c8bcb4eace29222e37a47603c871e07a119fd348b901b8c152fddae","Unit 8666 Box 0271
DPO AA 83004","Jacqueline","Howell","677.19"
"31","tbraun@gmail.com","pbkdf2:sha256:260000$h5CDW9nzx2vERtp8$a9c5da3bbccd5a3f1d621718a57aeb753cb23f7b72b31dbe3b497b76ac13f4f4","55466 Tonya Shoal Apt. 319
East Monique, NV 42401","Mario","Shelton","997.01"
"32","aanderson@hotmail.com","pbkdf2:sha256:260000$SP0cnhofygEh8KvR$af71481dc0801401d60b2ee3ecc5a821b81734f6f672a60543a80eea8a433c32","61604 Kevin Pine Apt. 850
North Christopher, MA 59789","Timothy","Hayden","867.25"
"33","pperez@hotmail.com","pbkdf2:sha256:260000$xU1B0GruMMRBdYeL$db99f65c74f017235bc22e261f7d478fbedab40b14e652002c5df22964131e4d","60969 Justin Passage Suite 774
Joshuaburgh, IN 61092","Ashley","Martin","331.82"
"34","justinbonilla@hotmail.com","pbkdf2:sha256:260000$QxmTsbbsX6ADfcml$748d2e92fb9f34708d43c997833a5f52c55d9441a452651309e3d36945ddc881","726 Hardin Locks Suite 785
Robertshire, WI 22773","Daniel","Patterson","354.04"
"35","richardsandrew@hotmail.com","pbkdf2:sha256:260000$988X7KYtgmro76ug$04373b937fdb00f7960480593321ed06d1a8e7283c9097f07bbf94e32d315ec0","19131 Reynolds Crescent
Robbinsmouth, VA 22528","Jordan","Parker","552.13"
"36","jesse06@hotmail.com","pbkdf2:sha256:260000$LmkVHoPRh8DD9RX8$b24468900f7f491a151e17e77314125e673cfd1a375fd5e7aee0ec5351694cbc","0415 Smith Springs
Jeremyburgh, MN 69154","Debbie","Taylor","649.14"
"37","johnny46@hotmail.com","pbkdf2:sha256:260000$jLM5tlQGwdkrzH3U$358a67bfd10ca736b760076b37412e78db4981b87149c544bf4b5b09696c622e","4600 Peters Union
Jennifertown, NM 89462","Timothy","Kerr","829.49"
"38","freynolds@yahoo.com","pbkdf2:sha256:260000$CbIRAKGts9otuJPN$776d6083eb2347f331fb270fc263365753d94a37b4e70719e94c2a2a46549aa1","3412 Morris Highway
Cooperburgh, DC 92892","Julie","Taylor","348.28"
"39","lewisabigail@yahoo.com","pbkdf2:sha256:260000$sORYcO3Y6oK3WnOZ$997e3d71d9ed48effe8475376da7fe9928f02ec62b771bbce2ea4a8420fc110b","8647 Donald Extensions
Perezbury, DC 58169","Brittany","Wilson","444.12"
"40","richard56@yahoo.com","pbkdf2:sha256:260000$VfeLE23Yvl7U5YoX$254e5095da8daa39bc84ba3980d76508b7a8c87da98ced675a50629e4312c3bf","6622 Lee Extension Apt. 148
New Melissa, NM 16412","Daniel","Cortez","492.31"
"41","rfuentes@yahoo.com","pbkdf2:sha256:260000$NUkZUveRNMsvaivE$d7118f44575a3e64f98790e41c145ada89558d44187fd4ededf077cc8d89405f","1245 Lawson Overpass
Smithmouth, FL 54778","Karen","Snyder","826.03"
"42","amandarobinson@hotmail.com","pbkdf2:sha256:260000$sWIJ3IWY3MgHfreZ$ff64a5b756b8af442caff2b52244c39ff2d5c706ee0f63bf83124140d2bdf2ed","Unit 9122 Box 9990
DPO AA 34602","Christopher","Barber","218.68"
"43","gstone@yahoo.com","pbkdf2:sha256:260000$RnTkzAOVRuulvyJ7$c41300017cb310c12d352541cea77359498a51e971a1f7f64d0c6e3c3c3ce83c","7803 Ellis Ferry
East Austin, LA 99768","Alexis","Williams","331.42"
"44","ginamartinez@yahoo.com","pbkdf2:sha256:260000$sofkK5Ut1HO04WCa$874afa79916e79e97da8fa9529ba29de7fad884cf3daa621a3edee954a74ca4e","0808 Cohen Glens Apt. 841
New Theresaside, HI 19821","Michelle","Estrada","816.15"
"45","powelljudy@hotmail.com","pbkdf2:sha256:260000$29bJIU0e0HUyorBn$05693e2c04323a97373e935ef8d62c5aa2d347770e182a749f8558772c69c695","11892 Howard Pass
South Kimberly, PA 24998","Francis","Lynch","995.43"
"46","elizabethstewart@hotmail.com","pbkdf2:sha256:260000$7WVoJrbieiwgXL1J$798c23a7090bb9cdc5669542e34fe7a5a115ff2702b4df02f00fd28e306a6fd9","74632 Smith Way
East Ashleyton, MN 07618","Traci","Carpenter","683.28"
"47","kaitlyn18@hotmail.com","pbkdf2:sha256:260000$mzubxD1TuxFr5pFn$ed5a20cda8c8636362318341c59e5e9852a2f55566b9d82f6114ea4162276eb8","8443 Morrison Neck
Markshire, PA 79269","William","Mccarty","793.37"
"48","ywallace@hotmail.com","pbkdf2:sha256:260000$xfEFgdq4Z0JKwIHa$6aff614391be2f8289adcc3eb1252652bc257c5f69f69b20464dea7d50f3e4ae","07432 Garcia Trafficway Suite 804
East Brianview, NC 87085","Devin","Oliver","793.74"
"49","ricksmith@yahoo.com","pbkdf2:sha256:260000$8pUQvigtraoiyhKP$56934523282f2fb13b41a9cf1ec9443fe41f1a737bb97f64799e3dd08827d6b0","90555 Valerie Springs
Michaelchester, MN 75887","Valerie","Rivera","258.19"
"50","richardharding@yahoo.com","pbkdf2:sha256:260000$NkT8qbH1YkP8u5SV$15340415c401df356994b70458d83f97bc6623f0f03a01ff67424dbd5bcba72e","0422 Martinez Road Suite 296
Lake David, NH 41606","Mr.","Riddle","491.44"
"51","martinezsarah@hotmail.com","pbkdf2:sha256:260000$oWEi0462wJLjAvGE$19170629e2a0ce9b4d3564df8a0cb809046a9f7a8bedce193c915eacdacd58bb","9516 Cook Ranch
Melissaside, AR 04391","Kathleen","David","349.93"
"52","alexanderboyd@yahoo.com","pbkdf2:sha256:260000$llBjLEYiDQLzt6aE$71811022808360511251471762fdb45c1cfe24e4856ec1ddf089eec0ac45825c","554 Victor Forest
New Rebeccaville, NE 84490","Stephanie","Calhoun","103.04"
"53","mcculloughpatrick@yahoo.com","pbkdf2:sha256:260000$PoRMn10PuLRco2yw$8afa06767b6010c3426e56295080e8997fdc582e785ebcf562f90305ce810a56","0051 Natalie Pine
Port Ashleyside, IL 78104","David","Mckee","594.52"
"54","jason73@yahoo.com","pbkdf2:sha256:260000$ARzoUEsHVyew3O09$36258618042da9bf823e8836b62077f4399ed906f9b3ea990b7c0d2e003fe60e","USCGC Roy
FPO AP 62955","Jorge","Nelson","450.86"
"55","susan41@hotmail.com","pbkdf2:sha256:260000$DHcTKtc9n0mlMfw0$fbbb372ded2fee73c097773a00ccfe34db4fedb7e4e73246bffa8f64ccde3728","70754 Strong Camp
Port Ethan, VT 92827","William","Edwards","947.98"
"56","patrick03@hotmail.com","pbkdf2:sha256:260000$9hnyu6yxO6H7U8E4$e3bda825ea71a9a234c7e9fdeab49ac9b39401829a8405616ab602f638a23f71","0066 Heather Springs Apt. 563
Kaylahaven, OK 20841","Ms.","Edwards","741.11"
"57","jmcmahon@gmail.com","pbkdf2:sha256:260000$NVOTwvqdhr4nqWlP$d88075885313008b5feec4ffd27697b1ac840c7fd3e974b9d5e6284f64a312a0","521 Gibson Fields Suite 602
Tiffanyside, TN 57606","Jimmy","Walker","951.99"
"58","brownshane@yahoo.com","pbkdf2:sha256:260000$H2S6zBJIAsUQ5jbI$c3503f28c5eeafd6819507bb9c77ea66a0014e6a271a538a6d4a5eccc59c73e0","900 Stephanie Locks
Kristenfort, CT 73331","Tracy","Davis","153.10"
"59","gregorymontgomery@hotmail.com","pbkdf2:sha256:260000$yizievdSmf24s118$e79eabd28afa72616d3f9579d57fc701c83208d7a86647a547a83e6df6eeae24","53799 Sydney Parkways Apt. 735
Matthewtown, NE 99089","Stephanie","Garza","907.82"
"60","nathan44@hotmail.com","pbkdf2:sha256:260000$9aYL8Sc6mKqdYWFF$07396998e77c4d5b7bae6bacad1a66b8111f9c20294919dfcaa0c2e6cdb3e4ff","2616 Donna Mountains
Alexandertown, NH 64221","Timothy","Padilla","724.00"
"61","qdyer@yahoo.com","pbkdf2:sha256:260000$kClcpi1IdavjbwOW$661c06378804a18a7fe4efba45379dd49f16a562d998fd9a7aa85ac1c34ebe7c","5640 Sara Lakes Apt. 150
Valenciachester, OR 56221","Tammy","Sexton","254.83"
"62","debra49@yahoo.com","pbkdf2:sha256:260000$Uj92KZwmUKqwSKOb$0a105741a6d5025a351ed0b7535356952269626ffedcfa16a507d920a3d8a639","57680 Weaver Route Apt. 509
Duffychester, TX 94575","Cody","Morris","60.39"
"63","amanda91@hotmail.com","pbkdf2:sha256:260000$7Bk2inrdV87XdVd4$bd0188d016e106edf54220dd7d1ebe185c9a2c9896a0f030b8ae221177766a75","Unit 5182 Box 9799
DPO AA 69551","Lindsey","Davenport","358.34"
"64","mhiggins@hotmail.com","pbkdf2:sha256:260000$ENZ6SCj4mYSlTdYN$241497ddc5325bb1c0e5bcd74104a40be8ceec6e76b587e7bd3f67fa23e4adf9","0587 Donna Skyway Suite 195
Port Brendaburgh, ME 87382","Ronald","Ferrell","895.23"
"65","mary99@gmail.com","pbkdf2:sha256:260000$gKLpLcoaMG1DE3pn$b62f7bb9de826e6d175dd09476b43eb5d3cb63a4eaf633ac23c489f4c55fe031","725 John Summit
Wellston, HI 80342","Caitlyn","Fisher","810.02"
"66","heatherroman@hotmail.com","pbkdf2:sha256:260000$cVovB1ALCZI2Emjf$42a582b3b63c17a1c40693ba9adfccc132d84ca2811abe1d4eebe7f04893d5c1","643 Shelly Spur Apt. 344
Port Danielberg, NM 34987","Travis","Richardson","723.17"
"67","jeffreysmith@gmail.com","pbkdf2:sha256:260000$6IHmYOK1pd2kONx5$c32ecece783719e275ccac5a92191edf15840e2421546f3b38f0b520cffe4be6","9440 Nelson Course Apt. 907
East Christopherview, VA 10193","Samantha","Parrish","945.08"
"68","joshuawatson@hotmail.com","pbkdf2:sha256:260000$dUTDzqz0eCnEw0fr$744218633aea2daac75df8f8e79ce1c17a81a525a8e1fe5cada75fa0332fd08c","87513 Collins Radial Apt. 001
New Roberto, NY 12950","Jonathan","Ayala","93.61"
"69","christopherwilson@hotmail.com","pbkdf2:sha256:260000$AC8JmOHAtKl2hi0u$23a7dc9a8625feacc8d89d8ded78762168a39417605f11be4e3e7e8ba20bfc68","8103 Michael Way
West Linda, ME 25927","George","Butler","884.81"
"70","patricia10@yahoo.com","pbkdf2:sha256:260000$PGVzlp1iLVaUnleF$c9efae2fad058dc0859ca1a80504df67b7bcf2ccc3fcb275728c3244dbcde380","Unit 4616 Box 6533
DPO AE 79485","William","Bailey","454.49"
"71","michael74@yahoo.com","pbkdf2:sha256:260000$R4Rd7LUVrzxsBlP0$1f14b1de808bacc6de0dbb84b24bc8e56d43515af2ff9e040599ee7a61a2586b","6179 Chapman Turnpike
Davisville, AK 20599","Kimberly","Park","545.72"
"72","upayne@hotmail.com","pbkdf2:sha256:260000$VDPWE4UU8wY6lwQw$9b87be4cd0a9bdfbfac1299a4e06b032f87d5a6f783904e97c474c7951f0e36c","9623 Darlene Vista
Boyerhaven, WV 23452","Sonya","Lucas","975.18"
"73","kathrynespinoza@gmail.com","pbkdf2:sha256:260000$Cvp2X3sUi6Zw3NSI$4375b74459ccaafd1e7dcf51fd5ed279bb8364bbab850b1fb3e08d0974b71a31","9018 Lara Green
Ronaldfurt, AL 96547","Heather","Jackson","291.70"
"74","nicole92@hotmail.com","pbkdf2:sha256:260000$JlAdUBxlZGFsZPT4$3018d9557c87a8dc52013223f098e75cd33a670ccef3b1c1a1681738852e09b5","21827 Alejandro Bypass Suite 314
Shannonbury, TX 79795","Erin","Williams","569.55"
"75","alexandramitchell@gmail.com","pbkdf2:sha256:260000$sxxqwLTMcCAKK5wy$57fb669f4d9da66da175b1f7b096010e857ce69f2df2cecb92b66d695fc450e7","65659 Kirby Island Apt. 019
Rodriguezmouth, IN 45087","Matthew","DDS","342.90"
"76","gregg31@yahoo.com","pbkdf2:sha256:260000$uVeelrEwf9zzXD3Y$460f914f1c5612a41ba1abc5518b64b6af52cd22ecad7af5f14ba12b4b2cedff","1183 Stephen Prairie Suite 402
Lake Stephaniemouth, TN 99530","Eric","Norton","579.39"
"77","evanslisa@gmail.com","pbkdf2:sha256:260000$AMloKAMH7vIz2Bk1$e82ab83f91972aa4a70bb2fb5a65375b18dd8a2a5e4da51fb4d0d5fe01497d3d","7804 Hudson Hills
Amberfurt, LA 10945","Kevin","Massey","459.89"
"78","shawnharris@gmail.com","pbkdf2:sha256:260000$l3h13IU1QzRoE4O9$55ee9acb25fc4828745d7d77087f370bc164a3fab60abf6a6096b154132cca08","726 Gerald View Apt. 592
Huangstad, RI 55872","Michele","Hall","679.53"
"79","danieltucker@hotmail.com","pbkdf2:sha256:260000$BvEwZa4A6fXqe89b$927d4da7dada8e443d7094b921ccacd94aac48a0d0b7f541eb8b5539e4136f5f","67926 Ann Alley Apt. 895
Port Davidhaven, IN 92657","Jessica","Miller","721.21"
"80","morgantaylor@hotmail.com","pbkdf2:sha256:260000$R7Ui5zn6hNtLgDls$adfa3cb2f5278fd0e0d3faeef9b2ba22e33dd1cec317d54c6ce8e8b9a51b2f2c","USCGC Murphy
FPO AE 11473","Samantha","Olson","202.75"
"81","debra23@yahoo.com","pbkdf2:sha256:260000$S51Ihc1Q1GevHXrt$d087d6da474792e61c30b2af951bed62d18b0efd5548576338f977754e015711","2907 Madden Prairie
Lake Desireefurt, MD 53140","John","Bell","349.48"
"82","petersonshelly@gmail.com","pbkdf2:sha256:260000$eUAKgDNDryE5B8LU$f3ca606701201d5f34d6290b82f50c50d3690cc64e1938235da415c006b1b838","3400 Ryan Springs
Michelletown, WI 80213","Joshua","Salas","1.73"
"83","valerie19@hotmail.com","pbkdf2:sha256:260000$tCbnrbUHv9aFNS2O$c63263d9febc8db1acff226b52bfec4c63b2adfa037a31c4dcce74a4f302e219","769 Deleon Flats Apt. 564
Alisonmouth, DC 43604","Richard","Morales","153.15"
"84","paul12@yahoo.com","pbkdf2:sha256:260000$flQAlsun32kbTH5p$f4e4e7645e0d58e2243243139cdd9a7e62818e6d3be575e9ebcd53bac14a1fa2","215 Kristen Ports
New Deborah, IN 29790","Joseph","Johnson","570.52"
"85","barbaranewton@yahoo.com","pbkdf2:sha256:260000$OEfx8InDT6fDukQl$228d399bd271f580823d45175e1b307726c5c040642b16e57ce593baf791a6d8","71463 Stacey Pike Suite 340
Port Rhondatown, AR 79141","Crystal","Palmer","997.30"
"86","rbuchanan@yahoo.com","pbkdf2:sha256:260000$stcnxMjFNWhp8YKG$1309fc52de2d41ef59f5750a4cfa00fd6af090a5a6bef531dc742ddfba888cf9","813 Charles Extension
South Kristinstad, NH 23833","James","Gray","592.52"
"87","christopher24@gmail.com","pbkdf2:sha256:260000$pp4Gle4xDQXxh7rn$7fd14dd73b43b1a002db354dda9dbf37ee3b34a4c27d6eaa522b943180c58cd9","089 Tamara Stravenue Suite 340
Aaronmouth, MA 13454","Eric","Myers","658.24"
"88","mercadobrandon@gmail.com","pbkdf2:sha256:260000$KTgr7bHb0HHGJHr6$14c8d6ee08a5d980c2a5bdf6f8206046efce76ff255cfd16a5c9aa848f2522f7","8393 Davis Spring
North Coreymouth, MS 82835","Cassie","Hogan","705.51"
"89","bnelson@yahoo.com","pbkdf2:sha256:260000$u7PrunfRQwO738x9$4e5974cc5f30e2e87d15efa9561839a436170e8881066155b7e353ff07fc279e","3137 Mark Villages
Boonefurt, MS 80386","Karen","Lee","744.69"
"90","snyderamber@gmail.com","pbkdf2:sha256:260000$Ss5N23S7NTkMfrdD$b5080573237ada15386bb9342a52dcc24ec770df76200271812bf2684d51028a","8564 Fernandez Vista Suite 940
West Jenniferfurt, MI 78607","Brittany","Carroll","510.61"
"91","cantupatricia@yahoo.com","pbkdf2:sha256:260000$vIK3kwE8MS0DW6Tt$d66920b340a0ae5e4cce05d04e70051aeb00b037eefe69669c18b784cae81ea5","78193 Parker Forges
Littlebury, MI 82557","Benjamin","Decker","999.06"
"92","stuartdavis@yahoo.com","pbkdf2:sha256:260000$l4zgld6GWgVnq4BK$82ded80b03f95b8c7a076b87b52f7cc78eae625bf8ab9d335c81727819f52b49","PSC 7057, Box 7049
APO AP 36099","Steven","Davis","207.22"
"93","howardgregory@yahoo.com","pbkdf2:sha256:260000$frMMXSvsTuCncxPD$14e9a1c57c8872c2725fa2e102f5fc0cc51c8afa3fee488d62cb5e2ab92df821","89826 Elliott Overpass Apt. 357
Reginachester, LA 57645","Robert","Morris","969.32"
"94","paullawrence@yahoo.com","pbkdf2:sha256:260000$VY3k7LfvaQuSFoBC$1f0da53773c48e9d903f4c7ee228c129a6a5295d370300033e990a65c226c8d1","45396 Davis Road Suite 031
Virginiaville, KS 57281","John","Gutierrez","53.32"
"95","steinpamela@gmail.com","pbkdf2:sha256:260000$kUyc6MK2A3lcNFzF$67304f0e50bb76e79acfb7c161519599ebed501fbc9403cff494dab5fc149ef5","133 Zuniga Summit
Robertston, SC 08684","Kelsey","Knight","402.50"
"96","ian93@yahoo.com","pbkdf2:sha256:260000$94hlDVtyIYhnpwVL$783a6056eaf5c0621a8281d24966d78641247e759000941942e4a762c4d7c90c","402 Cox Pass
Tinachester, NV 24476","Rebecca","Morales","357.10"
"97","nrogers@gmail.com","pbkdf2:sha256:260000$1VUz8oM6n7RMUWsS$d863edc353a3e8b3cfbffed11d39d4191a9f1e60d2db259e0fe049631a1883f6","04001 Green Island Suite 629
New Mariamouth, ME 75278","Kimberly","Smith","487.13"
"98","troylopez@yahoo.com","pbkdf2:sha256:260000$8aDz8TVhXrEqj4zF$148c47e0a9b413b0858507fcb40da660cad9624c29c5ad38cf2d5522a2a639b3","1788 Roger Summit
South Dawn, TX 48780","Courtney","Miller","108.54"
"99","audrey02@gmail.com","pbkdf2:sha256:260000$EGJgpVrTgE2PIOIR$c16b8ce4532f6d87567c71704b6cb97bb1b41422119638c63e6562f5f208c04d","6946 James Orchard Suite 204
Port Joshua, WY 95985","Angela","Neal","802.65"
