0,0,553,earring,,308.11,IMAGELINKHERE,kBZgNDumLrmlGfAIaAtkZfCYBpPePqEkCCCkJWpHOpjxggpvlahmJrUsjMThvBnwrMTGdx
1,1,98,water bottle,,83.69,IMAGELINKHERE,jNMebGIkKvyTFPlfHakLlMlREAijGZBkkxEpzLCRQkJKIrWzwLkwXGGclKoXquzPXOVNpS
2,2,32,chair,,175.95,IMAGELINKHERE,pDMdgIKMSeenrmHoQeBZapSbEiJFBLIaIWihLanNSOgsmkbMNVQrzqbzwAZTDTiIpreegM
3,3,475,necklace,,106.94,IMAGELINKHERE,oiDMXqdGnJAbxJaMAhSBVERWnTGUcaIhpISTfmoYCGNCBHrFxTGFuFQgFiygcEOyKkXLvp
4,4,426,nail polish,,30.61,IMAGELINKHERE,LkKSRoUgRcbYBprJYkvEDwXOdQtBmoIzTLPclTzWXwTCNeZIskBIdjoDKSSFezWmzxEtkH
5,5,216,water bottle,,260.57,IMAGELINKHERE,WeNLvVZbCHoaPctxMtsMHhFTZlnBuPtZkMmIWmvYTTstdMwriTPEjQWJiimruDbQaXbHQG
6,6,80,chair,,314.87,IMAGELINKHERE,oNfhtIuQcXdoBAVFbFJhUsrfyBMiBBJUFhkgUHJoiYtjhlSBxTRnTfKgBqGQLfdqERWnSJ
7,7,547,jeans,,267.66,IMAGELINKHERE,HFfsgiCgpyXFLSkgcbiyoHmwdAQUMEdMZwnsKJMeHoPxrfcrtFztqYbvClZSpNtfPHSRUk
8,8,599,t-shirt,,343.7,IMAGELINKHERE,tiwbxbrsLDLkNzzpWyTQsEsNSlEndLlpstMRqAKFnvnzKZaeAyTtYTvEvaxdlUTSDDJYPt
9,9,527,volleyball,,62.11,IMAGELINKHERE,mCTOYYnLSjwaNyOdYtjjmjMNEBxMQLaLBXnGyDVeILzGkiBsUsERYrLllAhopBTMKbEvrp
10,10,643,jeans,,269.85,IMAGELINKHERE,jBcFbvkjCsYckhgYgGSjKyXpvcPteLmikXlvKErzhxqeJfjLpCvIwFtwmburupyPVxpNcu
11,11,246,nail polish,,284.61,IMAGELINKHERE,gPxCvQmtrYsvuSpLJQEyBaSNYmIrLtXKxiLqcOYtnTqTxkHeNrlDJAQZIyOZizQIPbOrsk
12,12,160,nail polish,,120.27,IMAGELINKHERE,hZmdtpEXBazPPPHIDoDAHfSeOXvNyirMNSHLDezkRrQoNoskhFCRYTWCutjpIWVEPLyGpP
13,13,83,chair,,303.09,IMAGELINKHERE,sSxVRFDdcnWdKlABJZaIWgFLMJYVuCzABTORAuMvOIzaQGtRSUIPFzmGqqvzJXBHwvzbbP
14,14,263,volleyball,,288.25,IMAGELINKHERE,TJRabUgsgzxMVGXZePSBfvyaxPADmFPzSxcXQdXghmrYRkkUmhjoSrpbsTywPSGNiqKopW
15,15,622,chair,,20.45,IMAGELINKHERE,cGFDUlJwndSDADrvKNRMUGtyQsoRjZkMCumMUJMNCAkKPZXBtURsqdaaqRilzCnYQpcIYM
16,16,11,water bottle,,81.85,IMAGELINKHERE,iXvoHzuKeCWyjlpfvHslAjAVRAnOFShdXtZMuWNHhfrUeqpEjYDgcyqzuWNRYJkptoTkni
17,17,669,volleyball,,90.21,IMAGELINKHERE,cMXYRvgGZTIDYqWdatUjfkrqTJCoCnPNiEhNRXPaIxqDjjTlASRaAHdMSbVtXjJcajFWFN
18,18,334,necklace,,34.52,IMAGELINKHERE,ZWOhpAhqZmLWewTuHzYRBlpyZrbBDygNZlvxNbpDprIlQfuCLwdEkSwtxuCzXUZrwmYSLI
19,19,17,necklace,,302.44,IMAGELINKHERE,QNBCetcsLZooDDCXgkWhTqnRYYdWfnenLrAePksufcwMCwYBiPpMSFfJNvWVRxTAhBjJzp
20,20,521,charger,,139.78,IMAGELINKHERE,IjcUpQbQzsiDnklfDSjTdNGboctuISThQYlAqDwEcUfhUYFekBFoXqpHNyXPNabDBYdYHw
21,21,197,computer,,11.48,IMAGELINKHERE,LZqHKUFNeGCYqwfNhrblnKGXYEIRPkTrXEcKkJvHTYByEcSgJRGUwTGFkJjbtRzuOngSuJ
22,22,189,computer,,282.76,IMAGELINKHERE,ZJtxdGWWWHYJPEBmZHpogSiDEAXRFtWSojKtDimJSrwUNDyyFZfZoTRvpyMskQzQJcazfg
23,23,297,earring,,141.87,IMAGELINKHERE,KsudbVgLcFhfBDBMKCWZtFBEVPyBJaQFZvGgbwDrFEAsvJqdAUXcxFeUNJSRWwnNKUkubl
24,24,524,water bottle,,299.03,IMAGELINKHERE,nYIUBKpvPHjooestjsalArePpZUASVkKYFJQKXJPJvggJUYMqfiMUXoYaPKUeJfVGhNSfO
25,25,532,nail polish,,389.59,IMAGELINKHERE,iLrivJXFmSpmFPNUyWfWbydSWJjFcOwYJwKiQLAfCOJnmDTnfSshdNuyeEybMyThozvgmN
26,26,324,water bottle,,135.11,IMAGELINKHERE,oGcElYPACAyzsGlzoZUMHnCRlwPsVAeDeKCWRdImFIberSvAHNcprRHeMjoPWONmxYNtmi
27,27,582,t-shirt,,20.66,IMAGELINKHERE,JIidMWBiLNiRzXWDDxvKmYxIHtbWPFMaEFCQdQssPhtJWfXHoIdIZLbskraJssWOPRMnSC
28,28,513,charger,,378.46,IMAGELINKHERE,HJiwdoIBkcwqpJzsFuZnjaPyYcvBZKWllFbfacVgqyMPzwfPsXUdNrWQNcManHwivuuRRC
29,29,611,earring,,361.0,IMAGELINKHERE,dDpaWBshJBfdLhCTfyMwgRztdDkETkWyOmUuLGntIuudFJqTVmthSQXQERYksGzPZtfDcM
30,30,591,volleyball,,172.45,IMAGELINKHERE,kcfrAqydHCNLwlyiNOKCUhpLILJrZLirxAPPLscAbeckDVMELhUeTRHvkDkMAahQmJGUiZ
31,31,488,computer,,107.56,IMAGELINKHERE,NWpfqSeuevtOQduTmRCPhbSqUrTkwOkspneFneiJLuhgHsBPYMfUvgeHkMbsJXpkvcyIay
32,32,257,chair,,76.01,IMAGELINKHERE,jccGTCJMlOsPepssNZwToMgooPKHsHROGxAiJdzxnBdEreSQDbivcBBnoNkxYbltLGiJmt
33,33,364,t-shirt,,306.06,IMAGELINKHERE,pYiCOwGnCTwGfqbzFkBZqbHgYpMcnutgeGvBQLgDGeUfrlmeOFCozOzUplHuLalkEmNHVy
34,34,321,earring,,312.56,IMAGELINKHERE,aYtSgZjedcUEqSvFTQSCWkCJhUOnuLqUpBjrWqGLvXUtPZXvUFQGmOhadMifpwIoHiRhAH
35,35,308,t-shirt,,54.29,IMAGELINKHERE,CXUimpDpRcIjhFLESOSQIiemcwXMpFovhWTSgPQVqaYnLlfPvSOrvYLCqLwLLWhZGYcDFm
36,36,593,nail polish,,89.93,IMAGELINKHERE,CdzTmznhPoWizaIwQckxTMCeDZQYYQzDluLrqLSltrCoBZyYHMFdpSUlSAeKNiBKzifdrT
37,37,385,charger,,264.17,IMAGELINKHERE,ivTEHdfXjSoUoHPUPnDzoTIXlGQxTZppQqVBOWsDzJoFUvzCoKmzLtksoyXiBJmoFWxolA
38,38,697,charger,,177.09,IMAGELINKHERE,CHvRvSlkqSypYwHcPHyXqfmrwpsHJVNQQtDmXVxkXCKYCXMZIxHCyrPfNutGOtVEiMFJFf
39,39,429,t-shirt,,135.55,IMAGELINKHERE,LzypLEEUdtbVsjIhnGqjZioeUkDqZvxHWDpCHgiFrsLqsViOzCexmHBmTztnuefgvZZTpn
40,40,506,necklace,,74.83,IMAGELINKHERE,OvbtrsOcZTkfqPOtIuHbqiLbZMHIYPhIuDesWhkNTPwwcbENvnVleGPjQwJwHRntpkGHes
41,41,347,chair,,370.25,IMAGELINKHERE,ysYIkjgRLKsRtlwKmnSfKBaLNqTgcqlWWXZWwHCpMeCuPjMowMYBtSiIfacctxJFHJaojK
42,42,205,earring,,255.76,IMAGELINKHERE,ZzpfaYRyDXnsCveoXoGcyHuBBNBgRSSYZRIFaAyMDlAhLXTlpLVLPbUAPKYsYOEkryWkHL
43,43,187,nail polish,,48.13,IMAGELINKHERE,JuCqbNDDzuYoLZDqeMnajNDrWZNKbjWRySPRBMuZeAxZhSPriTBjXVIVtllpbENQINQERb
44,44,665,chair,,267.72,IMAGELINKHERE,qJuBalyslBYZOCWxkBaZBwJYWfrypGCbHxrHrNKiQaYsQYXzClixiHldLAgfGXAukknCBr
45,45,155,earring,,60.16,IMAGELINKHERE,LaygRRdCNsOTVbusRmEVhmsJcfdvVOlWoDBBJddtjyaXGAegwVEiPFszDBZRGAAjJKPZYo
46,46,308,t-shirt,,348.19,IMAGELINKHERE,HfnGSvHFGiQrUtCFMHlRMZsPdLRLfFyyHCnaeQTRnStDAXdzAdjUnWpCypJOgvVliSEHTF
47,47,135,nail polish,,102.51,IMAGELINKHERE,gqDPDfkFxEvSzeJzlIosDBJaiuCldrvIQWbPNdJMetoQNojAhBAOJRppJuURhWNVjaufgT
48,48,107,nail polish,,17.91,IMAGELINKHERE,HNZirizCtfspJKEVmUGzSUModYZQjjQoNhzZZHgjiPcAOMYTsXULxyfIQvJCGtEzNjZLNS
49,49,483,t-shirt,,210.3,IMAGELINKHERE,PmWTmoXYsINIsYhjtBPRXWavITHplzGSpQDzLRKwibholAwSHXqcPViBaXAPZWsdNSjMIC
50,50,630,water bottle,,201.2,IMAGELINKHERE,dmqJaNQoxlPWzcZXxBxlonluRryDFXuNpZgeDybtmcLvGOOHwFtSivcrdntqPDwwffjgMN
51,51,562,chair,,121.25,IMAGELINKHERE,vfGpUytkHBxdcMosoNUHmRFsXYchdROgEWgWmGHjXNUHdNwsYKDkfMKBoNacnhUwAEJayQ
52,52,516,t-shirt,,303.5,IMAGELINKHERE,DQFjpWzYhdPcUQBhbDPSwlEvIwLKGxBUnrZNBBZMjzQmQEYKdmNUYkwwoRWuHdSexCalpM
53,53,211,nail polish,,150.15,IMAGELINKHERE,cGOLLQDfvDWoDrNZXGaaHgzEBEJFFZdGOYHdRgfaWdCYwgaoRuKhJjCvIwJwNecQXYilTM
54,54,633,nail polish,,286.22,IMAGELINKHERE,xcMGNSLabZgKyQCcUnvZnEZDejmbCIkLQNJvvOekSCwUJnjqSsYQurghDnqoKsMYxhSnTz
55,55,332,t-shirt,,399.13,IMAGELINKHERE,dvMvblbjhQvfcZqRCLcAhklOAkiFgVySVMueQaJlncyDHvSiRYwsTAXqADneTDDXiFcRKY
56,56,132,water bottle,,387.78,IMAGELINKHERE,nxHVZELrRYNynNIHryHwrQFkEHRBfQiWaDUZlEDtzmxrhJKWvBCCjemvLNogAEYEZeDVvQ
57,57,162,volleyball,,28.29,IMAGELINKHERE,goaxsOQkJRGxjmuDdOxygQKBOncWsFxipSmfYXhBXTIfGPHrPsPVClpkzKtNnmNnfqfIJl
58,58,425,jeans,,284.14,IMAGELINKHERE,chytAweGXeMQtxUtpIeDZmtwldrJdIsLfHXmOLYshedHdFrfuEJbIwpspnIcMIGyaGluDj
59,59,256,t-shirt,,317.35,IMAGELINKHERE,CkzVNtmrymweiIKMdZMALFrofFHTXCYpwRKfFKhXWRbaPjdJFauutLkhgaOuclzSlXqVag
60,60,543,water bottle,,28.86,IMAGELINKHERE,uHjZWFkgEAjSTWNAxLUuwrLKrbuomvwKaruquvVLPyWKgQjgWKayMdQVrdPJfYfDBgptnF
61,61,145,computer,,124.38,IMAGELINKHERE,DwZEyxSxuosKzOTWFWanxLtRCaKSXXlcvLuCHKBJEJDgvWuaYCPuDhgOdKdlVboLEAQbTR
62,62,442,necklace,,126.93,IMAGELINKHERE,YtoejJkrfrnRtUokBwRzWdWOJcWGvEWwCqRlXockYBACveDAoTbwmIiXEQteGmrrORMIWR
63,63,684,chair,,229.78,IMAGELINKHERE,CoJfbbsckQkYbZetwVNagPYuelgTMVeluUYwnNubzqoUsndTjdwllcjxgGfSBYhbovywTn
64,64,476,computer,,205.95,IMAGELINKHERE,iqFTPncickxhULLChDxgWNabizdYBRJTNHGjCtlLzAoiIWqANYSOaWnBdNwKXtYPSkCoNK
65,65,293,necklace,,110.37,IMAGELINKHERE,XSvOhmCtEqNyLqCWFVFuJDbAKIuhrunWMCblBqAjgBfVeiqsYzxYXLILVthvkykVWiOKiO
66,66,432,t-shirt,,22.42,IMAGELINKHERE,IkLgxldaJEDeQoBRIfmWBQdZIgRNjSRJnZrsfdgfvoefZvDgByTKyoSrFKeJBsphfECPZV
67,67,556,chair,,65.15,IMAGELINKHERE,YfcmjkfqTklvQBsjEytOcILiXedDkuSPvGVZEjXkqZlFnFXOevFYWnCfswrYmvdBfkxlMy
68,68,263,necklace,,357.95,IMAGELINKHERE,gsDPLcbnkvmqvIykdMygltidWpcqtOMxkBdoiGjzxwnziXIqSsfnQlMWktJgsdzLytWgbK
69,69,386,chair,,397.77,IMAGELINKHERE,hfZvNXxHvNBIWkgecLomkXeeHSVMySLlaZYnILwjIRlsJWIipDApKFRTJRSPOtTAjROuME
70,70,667,volleyball,,55.89,IMAGELINKHERE,DTkDIPCsKLSYuseJnlEwhilhCbgraTNLsedTaNmTMYQSyKKIfxpvmVGvBUIjugZlwZLCfI
71,71,285,necklace,,86.27,IMAGELINKHERE,EuYYuWARbnJFbaKthxffAEUXywrYEkBDfVuPgcHjeesAAJmiOTIHrhpGoGqVwHSAKVAJLv
72,72,414,nail polish,,99.11,IMAGELINKHERE,lTQDHzqIZEiXZkVRtiWThjtaoYdXqMHkMGPvUXuxdWmErmiFhHukbmIaqAPaiVSZEjEJkB
73,73,660,t-shirt,,399.82,IMAGELINKHERE,pbkvvzmtNhRDbBTTEWRjYJalcsFYikAaIVJqcBCyHNfaFNZhwFHUQzubLwACjfiHOFEugr
74,74,367,chair,,194.05,IMAGELINKHERE,RblNNXNnbFldaHzbcJDqLKmMwWPoSgVRsofYcqpXxYWhvDCtjJYcKPqYcSMcKTqkcwZPtG
75,75,493,t-shirt,,229.74,IMAGELINKHERE,oHHrDWkTNybGIieIUWXlcbJyYUnZGPPKDhtbRZYXjoTCCxZGfkjQqzQNmVYnscYDZkzfgA
76,76,120,charger,,55.37,IMAGELINKHERE,OoOtmdnKnvGotWGLgdrFbWztcZRbWznGshoPwIwYWbInXxGWesnEMDfWkaCWpsBisPgZnC
77,77,267,computer,,322.22,IMAGELINKHERE,HMILWrrAcRMVmhQXglqgWBGOSmVbgCBRmmJGKCsfAYlrAsnVwVODIdYTxONyqxTjKwBHkL
78,78,411,water bottle,,274.77,IMAGELINKHERE,VtOErlSJtkdFnXWamqmqUJvyokyfjYcekHHonwALbLcFZOEswzkmGVfTCBKppVTHrctgdS
79,79,610,t-shirt,,249.53,IMAGELINKHERE,igDbjfhBgXWZsHXmaKwgoanurDlvARfelrEUlDqcWfILsoogjJGEwDXfBJTgSCwqZLqwhP
80,80,313,computer,,358.83,IMAGELINKHERE,SxwFAPQKWODGvcCKeHXgFnjhZasnQAZXoLSDUkKoEZzqAbLYVOaALjkwyZmHbIESuAfxJj
81,81,162,water bottle,,147.55,IMAGELINKHERE,NjeESpXjNvRfAEgSggikZfgwRrxivMWWPCSXkshbqpIJyMDyLWISYrhgvqIiEmjHdPcOhe
82,82,367,charger,,193.2,IMAGELINKHERE,ZFTLLTwoYTghcLoNDFfzTsMcoYZBJVTuwrSYGafaVtquhpPFycJsPeSDebdlOMURomvWNc
83,83,304,nail polish,,361.54,IMAGELINKHERE,QVxsHHrTScpQlXwSJyiaiBhJGyNjFRiPXzzAUKFaoOcmRqEaDSpzcMeSszrrrnIPBXpffX
84,84,392,earring,,348.52,IMAGELINKHERE,LdHdvoEqziIydOgDfyCjMopxqZcGWAXjzKpuZiXoorHdboYDCUhGcDNZGeNSFSQRAqPAkV
85,85,338,nail polish,,276.3,IMAGELINKHERE,aoRqiMlZdVdEPPBawCSMQUGJONgvZWrEApdZiakAayLoVdFsftKebqlKggYRpBYpLeeQfo
86,86,303,necklace,,322.96,IMAGELINKHERE,nrkRHQoBHSqqDCRfABUWGamRdXIXzaaGxRTkXSpPvwEyuvixlBfjOsbnNwqnhjxoLQwOFi
87,87,437,nail polish,,178.48,IMAGELINKHERE,CugPYTAoXPCIbGcMFpxNTJLxgSMMrTzKtkJxfCWdNsniDuQUJzTbUVnGqGICteNTTNOqGg
88,88,399,computer,,141.78,IMAGELINKHERE,mXUUecLlrBbyqRSYhEMIdCvRUJixPFokmWsqgxZCCLNmIyblIOdgHWgQmYIjkuVBZTSSHe
89,89,597,necklace,,328.49,IMAGELINKHERE,iuzUOoocayXwTKLlUQUyKkHYQjuHBrJqwGivfhIZunWSoipcnDpbaphtJWZuoyJfKjiNGO
90,90,278,t-shirt,,331.52,IMAGELINKHERE,jlYKPwZxIilQHZDfzvyIEeAswvbeMXhEEJTRBBhrtiieoQkNLrJcNASdMuvRWEwUoThvRc
91,91,56,water bottle,,98.14,IMAGELINKHERE,jnjIyhwrdhCFSDlfSOKzwNTzArFlWWYsrSoQHLKzPRgERLGOqPNrCvnjwQXRDsHmBjmImc
92,92,13,volleyball,,352.63,IMAGELINKHERE,bWVGYjqjSIELVWxVboeKMqPobByZuaBrvwIfroOYPHApLddyuimDzVJRakHPLyXbILMVbK
93,93,559,necklace,,63.23,IMAGELINKHERE,BNoCeantvOkecEstBvGQDrZZAyOBaKlXnKfgqGBkfWNfDlIJJpyysIBUHRKBNZdBSDRDLg
94,94,313,chair,,89.81,IMAGELINKHERE,lBlQSyJNoAFEQfTXCpFCHvsYxHtNmDxyUidecNsdPKBoLpmzFMhieNAXYGejTgzpszdNOx
95,95,683,charger,,164.29,IMAGELINKHERE,osgrQzyQYORzxAzImpNXNwYiFtDEyoOEGDgXPKDBvcGzJsQkgMHnVrPTtouDxmbImsQlkS
96,96,282,necklace,,80.06,IMAGELINKHERE,BQeRqWTvbaFUdeNEPkYfYbSsKuhEdhszxttDBmmholHFsqakqHjLTmXgJFtylMCabKMbHf
97,97,118,jeans,,11.66,IMAGELINKHERE,DdozUYWqnxkgBXaIGRtOyZUaEdHRpTemzmrrdvLUDXZRFaQHnjiurNNrxMYeKUGEQHMSzR
98,98,46,necklace,,40.54,IMAGELINKHERE,vjTLryaOHBaYcetNgnKfICVTlYfiCoJTrYmVoVRybRpxArIWuUJQWubQymTqHyeoCQnVJs
99,99,539,chair,,109.09,IMAGELINKHERE,JlhJDjCxRXsWrGSIQWOzNMObIzLMbLKquEWnITULCJUdthBMkVCBdgmvCDIcpRxGTtZVZm
100,100,93,volleyball,,26.12,IMAGELINKHERE,VCALWquuJGiLjZONOhhpnfiPyKlAhOfBVmGcAMjXRXKSoRYnSfZhlJFiwsquqMkaYaeLjy
101,101,41,nail polish,,146.93,IMAGELINKHERE,QAfhQVruYqHhLrIOSrWxiMLIlIazIDXgZtzeiUDvJQvkdDCIeBIFnePHFKIhhqKtWdHfJo
102,102,145,t-shirt,,289.44,IMAGELINKHERE,YTYeqXjSMCNBxBRJKHxTZBQlXXPSMFQMZkICLQjQWyZGYxDSTJgifBjXiMbYJDJSNxlULj
103,103,570,charger,,69.74,IMAGELINKHERE,VKGDuduOUaTtnUmXQEsIhpmbCiqBDbEzPSDtSgbqlWGMxgCWiroitHbpnZjOWpWCyoOcBB
104,104,75,charger,,328.36,IMAGELINKHERE,mCuwnyRuwjOPrJZkKebYzgbDklORBsxqVWTtNUHNmfYGQlemAWymHDijNLUtUqPfWvxuAM
105,105,234,chair,,330.26,IMAGELINKHERE,YekArZfXOhlPUOAzfuZPOGSVduIOFxqyzEQIsfPacKbNCbFCAPcDNvZwIXrSYvtwIczuaz
106,106,149,volleyball,,27.9,IMAGELINKHERE,AZtqbqznzFQJohlgvnQrAUbEYpiyAwQceonQFkzEuTfqxVwKbUHmjwXFRVomzJvmzdLHUp
107,107,181,chair,,106.29,IMAGELINKHERE,vmCtHMczyuRqrSSfnYNQeCElobkJcWJdDwSscmngyADoRTlxDSBivJaLNUfaMfXZaMGKMU
108,108,65,t-shirt,,345.9,IMAGELINKHERE,CNOCmPkEJnGJpUDmwrKtHqNyBTcigUVYeVznzZugFBmXBzIQgQueWztuzVJGqqluzSxHMz
109,109,62,earring,,210.69,IMAGELINKHERE,uDJjWHoJicHKqylpJMONSdWvovrCNhDcigVOlmuUvvwXwmgMlDnXEoGPokdPinphHlmcOV
110,110,471,computer,,60.49,IMAGELINKHERE,HRnbFxaIOcSUQVifqEtMsVWhsIdGTNvKxYYMzOuhueURzGeJLixyVakptwcnQqRxoIXRgt
111,111,148,computer,,306.3,IMAGELINKHERE,jXqcXnfSfzvzxWTBvLDszfsOeDeWTmrSivtWGTlvaTZdRNZQqrBVBlnuImwJwnRuTUbLZU
112,112,117,chair,,331.58,IMAGELINKHERE,yDpugziMlYRttmWayIeeLKUtxKmgOTYojgRDCTtRaXTcoYQOdFfchiMESTfUBzEuayEwLb
113,113,9,t-shirt,,10.7,IMAGELINKHERE,spjyxlKSaoKdHFMuKbEtFDjsTkOXznsssOQdbYaBPKjKkuuFfXaQZtHdvkMzVQiMfHDtMy
114,114,147,water bottle,,282.94,IMAGELINKHERE,MSWCLeXdRMBdQOYudduceSOEvuOqIvqannegHFqwYUezQRtIZCKaBfRMWuwNcapciEdfso
115,115,419,water bottle,,2.52,IMAGELINKHERE,HqsOcryYkoYYUSzgbivblMtwhJnAPonIIgsIoJlXqSwAtiLByiiKeINCOZYDRgTGWzyNNA
116,116,534,computer,,57.36,IMAGELINKHERE,DDtUpemMhEmFrpRYvgRZFPxTHvyKEYXWVshMdhToNPyaAyyNCUvMlgFHqtWkIOkZHkHIyG
117,117,670,t-shirt,,131.86,IMAGELINKHERE,rBuaHQpiuVZvsDpauaArgWOFDKILkIQGeoHXcfSJduPUjJaqSzRpFtFzsHjkeIuCsYXokL
118,118,47,nail polish,,283.9,IMAGELINKHERE,aGgKgDKKYYsVPJbOlezQRVgojcseonhQUqIZGOQKSQnUbHwDhdEmuevyIylctJiMEsVzJn
119,119,370,volleyball,,324.05,IMAGELINKHERE,DpxBhciTddoDNhEJTluSnKTduwwpwCQDvpIpmJoOhtBXfBeqCIqoRwAKnqqiFVfajZIGOb
120,120,338,necklace,,59.57,IMAGELINKHERE,FTuKAiuKvVhNfLpzZwGOTYQxYeVNjKcohwfkXzYyaTzeevnfBKifemTmEIUxSQBcDavuAF
121,121,195,computer,,175.33,IMAGELINKHERE,yXrfsFgQGgKhoyGgzrymfkMuFFoCsuvzYqhHHKlTvkioSRrHtqoAVLweeywLcBXEZLocUc
122,122,567,computer,,178.11,IMAGELINKHERE,URjxoTEuGMEllUwotDmyyXeNVmdndJYtMcNjNwqDOKnKkGMYzXObNLWoaxziPpNQLNTevU
123,123,30,t-shirt,,75.24,IMAGELINKHERE,eoEOtorZYgZdUymfGXTeTijALwmoyjncbJbuEIpSzumcnDIRAMSHzdnSYWuDEFlOFkCoMf
124,124,487,volleyball,,315.05,IMAGELINKHERE,rOznqUdIfbXWPSubbVTJcwifElMOvOTMvhnOtMSgFnnSmzSxxQSdevXUvOkOyxEcBztqyJ
125,125,199,volleyball,,28.14,IMAGELINKHERE,rQynHhblGTpDgQKUhGgkHJphopglFktDFRyYQBIHKNuiOwXAekKlawNabtkyGZmnEcjKHp
126,126,320,nail polish,,65.21,IMAGELINKHERE,hgakZKmedsyyzdxkAzRldsIAWdPnJwguRjLhYualHekrbmYeSwpJKbEwBdpGlVCRsFwtHP
127,127,109,necklace,,233.46,IMAGELINKHERE,mkICshuxFLkFXfLkyoCrROIZEELcNzuNYHwkDyHCxNLqwDFzelqiOTWQYiPzlpUCZALBKF
128,128,544,water bottle,,43.62,IMAGELINKHERE,UatUEaRNBNIArorUbDsgxYulITypmeQwLOwnyUwpUFzUnLyMTaTsrZcIYlIkRfPwLEZoIS
129,129,539,computer,,114.99,IMAGELINKHERE,MAYxYRpUbURDJRlBNxkGSavvSsRxVCgDZLArlFLtGNlwNeqOgunbdZRqPVQaGNHotlJJrc
130,130,24,chair,,204.51,IMAGELINKHERE,sUcyGHCSHmJOpwTJjexeKvATEPzRyxyVzSCNkUtpWJOBDGATGzXJTZyXjOfnUUVRtCqmQx
131,131,173,necklace,,242.77,IMAGELINKHERE,AYdyBowuxVnTCeQBsDXqoJvmxGmusmaWQisbyGfDRqkzXVvIBkreRuPQHCWenkiXbOMKMJ
132,132,480,necklace,,229.76,IMAGELINKHERE,kbaxkeFQCiSYmRYCFlOXnhQXbDNPrJNDxmbAcbkVPzhXTgVlHKbPtYBCKaqbscMebGQFpt
133,133,169,t-shirt,,158.89,IMAGELINKHERE,tWLvhGXTodNJWdcKYTZSIZuNVvsoMQuiweTsZCHbUSatjLiwTBYwYespBjJIerAAjcGUeu
134,134,448,water bottle,,239.64,IMAGELINKHERE,MTMTNDQYDWvRyuPzVQPkOYsFMxoQnotAXmBxteTMFYbfuLcpQSjZrnMwVZfiYOssykwlwY
135,135,278,necklace,,110.96,IMAGELINKHERE,CsDRSOmenooXbHZnpHryDWxpQrDxqfGQHPCUbVsNflozLaERtpMWkWteZaKBXyTXuirwwd
136,136,518,nail polish,,363.65,IMAGELINKHERE,ebVwxtOOTUHfXNbwphUZFzkfAfEAYORsliLALoZcZRoMfWeKAhZgddUWnkXiaPNmxelbQL
137,137,110,earring,,133.23,IMAGELINKHERE,gZjzJogNyEYQvvSfbKizXNVgQoREMatkAJKFSrRWkzUgKqLovRFGJnrMfkoCwAFBsGHJxX
138,138,145,earring,,200.67,IMAGELINKHERE,kbmKeDtbOzZVuceZMWMatPcimEMvJIyqkMzxBYTWlHYmtPnLFwCxAnMreFRaYTKiMQhyvo
139,139,507,nail polish,,332.04,IMAGELINKHERE,dxjOGprLZDoRJqjDRExWXNqVOtHOpZPAejhXmDojRtDcCPbalueDhWqxvLMpULhyihCOmc
140,140,7,earring,,396.24,IMAGELINKHERE,MLoHtRaBMbBdEmedQLNmRCGDUOYAofordGBqQbhHgrOkhcEvnDzhFxBbdcEozGQHRapQFI
141,141,129,earring,,274.86,IMAGELINKHERE,kIfKBkyGjTrRWFMiGVJOAIskiTFDPGKFEWXFGuxFMwNSwJTSZKyAyvPeiCttiiITbczkTR
142,142,441,earring,,227.75,IMAGELINKHERE,TNwbnNcmPCXzvFWDpuApSjwBTKNUYjuvZUQeKFOJhKFIFegJyeOlkYhNIQDDNzwDwtTNcV
143,143,21,jeans,,215.6,IMAGELINKHERE,duCttxOroxdzdEEvbKQdwbMMmVnoUINsrxAptvsDMnSuxStOkGwccyyJDZXzTXbwunnsPo
144,144,68,water bottle,,264.14,IMAGELINKHERE,PGoBGuapbMqGVCzCmNVQQeBAwxWpfHupIENuRQHJkuafOQBcfRvNMymsXdaZIspzkurLKc
145,145,265,necklace,,112.14,IMAGELINKHERE,PTxWAWXfqQTkSKvzsqkXeukmZbgESuzpDVlpPZeuEhqhJaSubFWYUtuVBRoIUKrCdZaVLQ
146,146,315,chair,,192.91,IMAGELINKHERE,QbIJUjFUVBdALFELruJSLhyNVXFZWBTAKWQdXmmVikAUfPLFiGdSilUOaHnveWLyYknQQg
147,147,328,jeans,,3.29,IMAGELINKHERE,UhOmNxQFAvSQwHSjupCsjVlXxIBpSFYkVlrlCRdpmGUggAsHARBNSjGutTizHqVJlCVYcV
148,148,441,computer,,386.26,IMAGELINKHERE,BfFKnrHomARqJPpgvbWvPNZmCoMKPMzAYxjQnmRRcMgssFvFJcpqUTgAsTidtzohLqCYsv
149,149,429,earring,,340.5,IMAGELINKHERE,QMulgVGqqQjJzEbMcPTkhnZrZPNGZaNbBwlfDQnDyEEEEIxyOReCOnnuCUUXKNPgUghvrx
150,150,318,water bottle,,161.41,IMAGELINKHERE,aYbcaIcPctYkhLsJmFWfNLfLXTmlbIjFUlVJfHHouFQYPBdQTzmGsEHrspysJhNVcTLBsY
151,151,475,computer,,102.91,IMAGELINKHERE,VMrpVBMHFDQriaWRPgKtGAISpBSjbErUYZbcEtDduzuwfPTSPszxofoZmagPdpKsccfzRN
152,152,118,water bottle,,89.06,IMAGELINKHERE,rymrSQuCsbsSsxqmuJiIArwxsLalPvsIcKimxPSPGqGlDTCOUrWIFeippoNHnJXAtwNHQk
153,153,571,necklace,,144.69,IMAGELINKHERE,fppRHSnTxREsvVtydpnYUIhdLgkqVPwElMqiAXwlVEKgOkUOVNrAWpeoTdfNmNlDoXXbxN
154,154,533,water bottle,,72.06,IMAGELINKHERE,kQGrdqGlTGiaXHcCnyAwNTIwGPKnZzCdjRuqHscdkxaNDiEKKAhsfIQOzZLniyTrHuQPSk
155,155,177,chair,,52.81,IMAGELINKHERE,pqkufCxjZyUFrmCDYZAOjiKikDsoQgaaGSDpoHWwWmDuGfjqtShpXxlYIhqSNoDPxjPpKw
156,156,604,charger,,78.28,IMAGELINKHERE,UXeNvZrxGkEZeBqMwwXgtofRGxNQHfpCYqJiWlsuvjivXGImKIDgMRkEtZIPQhcMCeAIhz
157,157,263,t-shirt,,160.62,IMAGELINKHERE,VUWvfvpXDeNFZvOlzhEIFaNZlBNMArJVEMcZbZxAIXNUtYqsVkXuCRQSbXrOTXCqkgPzjz
158,158,468,earring,,111.13,IMAGELINKHERE,cYiyLGjfLPDfHCYOzqTBdrdrvnjtcEORVaTbvsrTqBopveCNXNbqQhHZjMlPVBwVRImasA
159,159,183,nail polish,,272.38,IMAGELINKHERE,OEGrjyJDwjYOLTXeVlnVtsfnSNBcfieYSxPVlUerszOnCxIFtbBGPVImhghUAVqHxMLRxH
160,160,182,necklace,,70.96,IMAGELINKHERE,rBXxzABRKIbFHMxadAmmrXYjkUtKbbzJjdDNyLPwMKtjdnqmomrotqXGLgAFZwisYdSLuQ
161,161,44,jeans,,270.94,IMAGELINKHERE,ZvzLWApoIIplrFDHaCyevUAMaXxZdxsyKrYjEubahRTbuSVMGGoWETqSvGrgwYeVApePDP
162,162,601,computer,,291.66,IMAGELINKHERE,ACLmMSViGayCQemdLRLrGInnOBYgIXQjpeIPzZXnWHcrAmKmOxnKRpWYRxmDYurSuGGoCa
163,163,18,volleyball,,397.87,IMAGELINKHERE,UOqpuEubvrjQRQdaktzWLeqJmXfZSlUJiHPpfCVItuVISVcIgXVYLSOvSkDkyeBKAJnwCn
164,164,572,nail polish,,91.64,IMAGELINKHERE,bLeESAwtXeaAcETEaBRmIHzomoPSUtDpSEpzXSwCDZIRScAVUBaJwachfUzAAdBkMNHqUG
165,165,453,nail polish,,319.33,IMAGELINKHERE,RCCUZbcwFiqIhzCYixyAEVBnsldufDbFkigZZTUKokDPZKeLkNRCTkqWopFtjHParMZSOC
166,166,86,nail polish,,107.58,IMAGELINKHERE,pBFxJHNlAgEzShklngrizBqyGkGASjDmgkvUfyodGHLPGcaKMUveHzwflfgexhKLfgjdeL
167,167,464,nail polish,,10.34,IMAGELINKHERE,afWJSeQUgQiFnEzXdSIfJvjdrQLAZClGXvjAvmFAaONGqTasfxpniXFQDwBXHLoVuLBOQo
168,168,624,earring,,30.39,IMAGELINKHERE,ffIHcWmWYaiGUswQMynXMPLyptevffdmEugwucHCrZWynWtIzxqamNGZbxigQgZieFiEdY
169,169,424,chair,,63.75,IMAGELINKHERE,RmbWXOQDniSKrKtfCETyHzCjUcSCLyEjEqeZuTHpMxuETGYIwdLNoNwfnLNYnFKPlPOmvo
170,170,521,earring,,291.8,IMAGELINKHERE,BczPAWWjzmIVAmQBGGDIoSRkFuVcCNVbVluccsXsCMyRcLIMGyipbgEGfXhDzQzTlqHWzu
171,171,76,necklace,,330.59,IMAGELINKHERE,SvcGZumIVWlvskIESmyuDXsIdYBOhHxutqmBqqvsvecMtqNJvMsseCtjEIkSzAfLtOGhmC
172,172,27,jeans,,155.34,IMAGELINKHERE,jsydPZSyWDfuItopWUgFyZXQnLaEMigElKuOlvxUnoEgcJXYxtSYHiUdbPyBTGuxrXqDcL
173,173,79,charger,,48.45,IMAGELINKHERE,sZponnAXyUEwQBHyChIuxSmNaBppIQODGYvloTXEtcZPbAjZUWHczPGfJqXFREvrscknMp
174,174,205,charger,,53.12,IMAGELINKHERE,UVayOpzsexahpNcSnMOWfONaIUTXPibHFSFTzVAmHRCnuNXGmmZDPlvHljLrOZdIUJHbro
175,175,104,necklace,,188.97,IMAGELINKHERE,wQGwsWRbbcaSyfmKIOBOjNtHlJZNAUTYYFAqnIVeKKbIOaWQKoDOkDRZRwqmfpEKXPgZAg
176,176,265,computer,,335.01,IMAGELINKHERE,RnXfYJLqKjLJncdHlyqoJcMdeWElNJTWLQngwpRzMqLSrXCpZxTCnwXAALrnOzGlwSTzXZ
177,177,210,water bottle,,384.08,IMAGELINKHERE,GiYxfOdQLSzVeqPKhVKibkZSeSkCwXkeWdkNgSqWNfSQHEidXfcyneZjifrvVGvLUyyvNq
178,178,135,chair,,103.74,IMAGELINKHERE,SsoroUPqvmcpkrCNwtWvPOFaUvkUQwQpCeGGyGyvItfJhyICCCKnHCuOnuAnTSYaTRqhIN
179,179,636,nail polish,,28.88,IMAGELINKHERE,ABzvMcyWDbwKLFkzjUuqVHVjxmmZtLtnjunsAtbsiPOaMSuWbyBcGZaynYeCeETEvbIuAs
180,180,244,charger,,8.08,IMAGELINKHERE,KnbzanExXhmjwxKTLCmlasljUUqhPOoMfKEuNaJSJfXVlZHABHOJPMCRASetAAlJRxGIDJ
181,181,76,jeans,,334.75,IMAGELINKHERE,fWroOLTQwjnHbEZywvxVkrYcvljJeRzpLuEyutzeovuwIFbyxpHfyQQBTalKHYpCDtaqvt
182,182,50,charger,,204.39,IMAGELINKHERE,TypsTrmIaofipQuhcWOXZkxUdaMwmFAvbSVJefCvCPEwVWFEnWagiwkmkZHTXFFYpiWffa
183,183,582,computer,,392.21,IMAGELINKHERE,dHbuMaDWrkyLWBQutLwbxvIIbodeAeUtelRfYoYKFUUlFJsrzfoyEMJjgMgbydohoqJtnv
184,184,287,nail polish,,220.57,IMAGELINKHERE,cdVFbhRxTAaWXxgCJQNhIPgaTpntMhzEalyHWvVHVdBalkzGaikTVzRgqnemAthdxIcbLF
185,185,503,jeans,,20.13,IMAGELINKHERE,NuCDyDpuKFCAERFDGHQQQSVjlDgPLNjdXRjvuZXuVTNcDtfOKBuQoSPofqkqtbZCEnfSQE
186,186,232,nail polish,,263.0,IMAGELINKHERE,DCeKjgSClRDRVBINFyBbFMrYpNJtrvJtNoAImvziMaBTsQuEFnrfZOCVTDfmhmClBXRsBe
187,187,8,water bottle,,228.35,IMAGELINKHERE,XVVbFpIWFSdNBbfUtLWrbTfanUdiPQBrncCBHcKWJfEVycJsYIyVHtNkkzWJHadskTrxvs
188,188,618,water bottle,,54.8,IMAGELINKHERE,guUhvTfeDSyjPMavZqJXksaWxzgxkOWjRjPGqoQgDZBHYbknIIQeHaJckqRlZSJUVFpNLs
189,189,317,necklace,,54.97,IMAGELINKHERE,yYalytAcUORnpcxNnuadYkQKjvZWeCwMxVYXPGuxlqdXBmIdqAnLjdlPJWzSKOzkzGFnPi
190,190,130,jeans,,382.01,IMAGELINKHERE,ZawRpsgXoskMLPZWlZTKZdhTTzQRQrCKWockJCztcvViaJQVIZcUUrESooecvhqVNFnkwo
191,191,585,jeans,,331.99,IMAGELINKHERE,PsTzIrugbLFXzlVtjgJeNSCKYYxQZFxStuBSJWdqnFIdbCMYjQNASPpQaznEhrdTzThtgD
192,192,460,chair,,341.84,IMAGELINKHERE,LRiEngoaSZIehOgOzVCvNxDuUoIdzfBrDATWMJTxXuRAtARoogjkqmhXPyfonLGbqvClOw
193,193,201,chair,,177.35,IMAGELINKHERE,FnDoIRmCvwMNbNDvcvZERlbIjuNPpgiUJYDENXhWlDFQlZREtsFYlmclpdcaRqRljlBbDL
194,194,560,necklace,,289.32,IMAGELINKHERE,IYWJvoZXoiUQjJgTfXQIgfqycuinWLJyOZKdeXGbNYhORVSmaGcaKEeUHAuoAaMhvPRxOX
195,195,554,chair,,3.06,IMAGELINKHERE,FosxZMCDNhqWlnNPRAZQMSHxaUiJzxVmDLnkzIMrJOunfjupFIHdBJisSXgGNbIQVWfJgN
196,196,323,t-shirt,,203.66,IMAGELINKHERE,SixwlgBhPjlGEhStqKBUyKikIDFNmVKMwotmMSwNUrwRkYEYiPFXsZqBhVqYQbDCyShmtJ
197,197,297,charger,,288.76,IMAGELINKHERE,VidUjWloDpsrWYtHZTdLNJKLiveByugJFYyXmVNbvYnkiJPDokcSWFdudVUzmLjqEbILXw
198,198,483,volleyball,,326.93,IMAGELINKHERE,wGBjijvsHQtEUwiaKSrdtSZNGadtrVlHiSUJBRDORwJhOODNFXncelaKqNSrWoeUjMAvrx
199,199,323,volleyball,,72.26,IMAGELINKHERE,KJIOwulPBrHAToQAouAvsEmjxQRsVJfNAgQMdVwAdsLGtncQtJOlEqXGfTibzrvCaWlHMi
200,200,447,nail polish,,331.84,IMAGELINKHERE,GEJvhpELdSmWZwoPbsVtztvwbgHQwAyNVnqyJDzxtrxVoFgijJrXOGDAwHpoQeINtbSNdb
201,201,130,necklace,,4.59,IMAGELINKHERE,TsyKfWElAaPJCfcZZpxBfbyKFuhYMZadOrzqjMmcnLqIJnUnfIhKDgyYYUctjzrbkWagzA
202,202,213,t-shirt,,379.31,IMAGELINKHERE,FoVuQvfyARYWCFSCaFmNahPKESQauNQvWzeSHMRiiAgCZGvxSIGVkgLWIfJDHuaWtGTwEv
203,203,170,computer,,399.31,IMAGELINKHERE,GbXvbDBkLYdxoYPPoIvAznyzXAGPFQpUvsKuhllaLEKRTsSfodQabtqkqGFFzXdJekBirZ
204,204,573,jeans,,184.34,IMAGELINKHERE,jzpeZkaKMvVCDHVKuNFxbgYbGWXmFNWpOUmCNTECYWFVELkIRiiJYBzuGUcdXVlWLamYBl
205,205,174,jeans,,217.85,IMAGELINKHERE,OERYWPhahXLnuFQQwXOZLTBTeRErGyAygkNOFjloflnDhGJWULqrHXUiUEXVqcfTmqkbme
206,206,62,t-shirt,,214.21,IMAGELINKHERE,tIJfKnCSMPiZIJmbCFWSxACUikJPPgvvnTQvlZqkMgWrqtwPdFgqvWvuawGsiMUSBGYRlK
207,207,157,t-shirt,,79.81,IMAGELINKHERE,jGcOTusDaVLqpuOSGXhfwziHJIxEnIzwWHVAjrmNmUBTXdOvxjJYVFXHHbFgPeFgVPTCGt
208,208,8,chair,,292.97,IMAGELINKHERE,JzBMnNLCZoVchzsMndZTDVyCBYBHNiWZHrbYXiIbptdBMQqfFxUdUsIKIFlGIDqSPqiIJT
209,209,340,chair,,221.96,IMAGELINKHERE,UMuMVukigwYupmGiwFwlDlfwbBXXQSteNWFEvSyxNxNzbLjBUtLrnvMUMYVjmQUWIlifZC
210,210,385,jeans,,317.94,IMAGELINKHERE,eIdGMiMcTrZACRUCUBfxLYAJfrNKimQrhXpFZbBZDRYxTLdXCZTYYBuLtpNwOpmMnCbewy
211,211,152,computer,,174.64,IMAGELINKHERE,ZrTmFRHiJHJjyMKQeKDxlYKxiPqlOFLuLwyZYOaNTrsNWqpXibrWIvQQroKfUCrHIIGkYA
212,212,155,nail polish,,42.21,IMAGELINKHERE,yAGehyknYYwDhotidmUePQHYUPLlxnyDKpTEiDMCghPIxIqXVLseDfYzprefOkqPbLpagA
213,213,82,charger,,334.1,IMAGELINKHERE,nDLDxOJGHeESJGStrPqPzERHBbAXlTUAchfTTIvrqfBrakfliksdrgomRYBbSljHXYFdpl
214,214,478,earring,,339.8,IMAGELINKHERE,HQhJCMCObzmQyVZFxfIvKtTKQSWtyVoNshXBclJXRNIAYxPzyoLgILBQspWvHrtEAiLJuS
215,215,188,chair,,247.13,IMAGELINKHERE,UGAjjSXWBNxSCGNQZpSzJUiOywrSuQehjgRZSdeSpPSriKKeIUYGMteMUxFkkRNGngEbZh
216,216,71,water bottle,,252.92,IMAGELINKHERE,pRUcmLlgJVrDvRDDYODsPNHpOnfqJJIEGPolMwCKqgHNOeyWLigqBYALLNvaipvpiRfgwu
217,217,60,necklace,,203.58,IMAGELINKHERE,gSsjsucOWUQEUrAjYBSjJIHGGpPcfCjhnVGTdjDVexFggLabzqyqCHFsOLuCMscCWDoHFl
218,218,112,nail polish,,351.04,IMAGELINKHERE,QNntMPAxitWSATKSkPoVfIajPFAiFLdxfnbQcsMyCLoVHARswAlELqaEKjUercqzLqnnxr
219,219,552,water bottle,,249.26,IMAGELINKHERE,iFHrhsTDavNkztPhkrfUKuFyOMSgYCWjORdDNuqrweicfNyRYLAbPplFfybTtiXxWEQprP
220,220,375,earring,,87.98,IMAGELINKHERE,JnUQZXSdoBieYDATDdkwGrVYHeACeAyxnLbwipyBXUUoGMTIsrCklOZLoPuiWIbkaoJNHi
221,221,199,volleyball,,233.72,IMAGELINKHERE,HURWBUzPuqsoGNiXDRArrROCOOipetGnCsrxibjWHgwMiJmwIPwfywMCfgsSUTzNaXMWzP
222,222,397,computer,,129.5,IMAGELINKHERE,eiQbotkStSZNqUvniQOgcSHwdcKGxiUAacWYXXSbxySEslJojDvtwCSgCnemSNgrxcFYMw
223,223,69,volleyball,,340.03,IMAGELINKHERE,xlVRjZDbLGWgkqexKiPbpaMmOqudboWmfLOScDsitHhtSkeVdWNeplhiohuOKlRgWOkVfI
224,224,145,charger,,360.99,IMAGELINKHERE,ZEfgMkNMJZFEWDvCpnFTyKXvPoKMgvaIBTSqjkcPgOmzxogTiOExayVeoaNhdmJsKVVpcM
225,225,126,computer,,99.35,IMAGELINKHERE,OsuOCYztiSUynzmpxSTzuTCoHQBMpndZwzXMfJFPyFbRVvQAQRqaftkXJYDjmJkhEpvhAO
226,226,390,t-shirt,,316.99,IMAGELINKHERE,TSOIIJflvTviVtPXxAcYqLArTJLYCKQpKIXcMdrDvlUBiAmqHhgDWpprExsinIIsovFsxF
227,227,80,jeans,,246.82,IMAGELINKHERE,CCVbWNNSWPTYzrCwCHlRnTlObQSsTnQggMkCFKkELPDXyWsOMpXnKhkDxKwdnIgMloWqRL
228,228,233,charger,,330.72,IMAGELINKHERE,kdGqiXDdYAYceOQFWeKrsoQjBQGibZrGQuvYRwGTIbXntwRSgvIMDcmtqfoxwbBzaZRpim
229,229,361,computer,,204.24,IMAGELINKHERE,sVbboyQCcvGCMwxpwWxwkOElQJuAlkOoLexHovRijlNfTtxULzyOYUtfwLUPYBbhuaVjmZ
230,230,618,jeans,,301.17,IMAGELINKHERE,xBSxKPElBojnYhrjtajjMBgcvyZCyFbxmvNXYlnIIBgsBLUkNLDjNgvrPEuRTgwNFxgSGV
231,231,610,nail polish,,314.09,IMAGELINKHERE,uTmxfRQZYzXCCakvHGHjhQJQqACnZXtMfwcwFFWIMmNSoPVIQoyTViBrHatGctErMXsJwj
232,232,559,earring,,359.13,IMAGELINKHERE,GUsbSqOTwslbsfUyNeqwJJQLjNHBXovDAgUsSEFpqEnHkogtDxZnaudoCVaETniFFrCQrd
233,233,328,charger,,323.9,IMAGELINKHERE,jajkMnNjwegmqWAkcSviZamcFBHwoNZJRxjzXZjORYYIPNqIEOgrcoLMMWdSnQUXxnYQrd
234,234,697,charger,,261.93,IMAGELINKHERE,fWWLygyoqbZFZaggGtCzzXwVXKKFJCBptmAKBINWRPuBAlIZknZvuxOBUsYzmKsuRItAUb
235,235,590,necklace,,114.23,IMAGELINKHERE,UWSnCBwQhHABMJFHaRADxOkXFiaDXHaVEMifWokztJTTBMizfPnfQlBaZXTzAaKlipwqxi
236,236,112,volleyball,,244.29,IMAGELINKHERE,fwBnOtEZhuWPiVUvrhoOWuFZqMhyDnlIcGTdMjWefyWdBZxJgBonCcOiLMOMGncDxVhhaA
237,237,349,jeans,,171.87,IMAGELINKHERE,YgGzmjQQXoNggdvwfrXrYsknBdRPkPdakPhrVUOVOFOqrMNvCQZbsyUyIqjLZngFOFbJdw
238,238,699,necklace,,203.46,IMAGELINKHERE,CaEaKuolAlMNYWMjXhKJBUQmjSqYmIRTkSEuIesmDZWwAphiqWdAFskPqDJcWuXIkejyiB
239,239,541,nail polish,,336.56,IMAGELINKHERE,ISCWwCInyFttKXPPqYnxOxOOZTuiEUnbeNTfIGerUgpTRtAigJmwsvSuAZrwBVzjfdsCgY
240,240,77,jeans,,220.16,IMAGELINKHERE,pGLuACsgNtsTpikfWOpxZcMrCxNyKDBQduOZEfgGrRYiAiXqrvLDLQRygMyugazQzEhhBM
241,241,532,charger,,24.64,IMAGELINKHERE,nsAvzIMBGeGdEtZBMdTDiOnsLaTjbBinElkFAPlcFCUuMQwkjDSdWHlyKHJHlgaUoNybWa
242,242,416,earring,,1.09,IMAGELINKHERE,nPvlXkmzkpTDZYwRgqwkGZgALFZjglwhMYRDcnhvRzWQnaSFJbScbqsuLUfZtXMpTVSxuT
243,243,580,necklace,,55.2,IMAGELINKHERE,QBqxehwcdmcwLLLClbewukSBaoEPzcRezcaIMjhnollSzplxxEOpVOVliPtGUJjDmlDkVa
244,244,357,nail polish,,335.97,IMAGELINKHERE,oUarMJgFieoCotgustfFsxiNmfxyyFMWrvjPAcPMxQSohvCaymmXeAwkzGVbKqhLXLVQoI
245,245,371,jeans,,257.2,IMAGELINKHERE,SefDcIXHXeTroPHWkTOtDOKrhwpdbNzPTVOZllgefLqQWgRLICQXhzYAafQdcGdIDDoECR
246,246,567,jeans,,100.37,IMAGELINKHERE,EkxJTASNILZzMazUKquRtsCNkTksCEnrsWiwWlUvwwNsEJIbAaCnWifillDQdMxtOyGMDY
247,247,194,nail polish,,86.62,IMAGELINKHERE,mOqLSGGFBRQJZFOMSzarqbYlGcpEeRSQfiiByhkMcDWjccjVFazsxmlfzAOYnuSvinbuKE
248,248,242,computer,,63.91,IMAGELINKHERE,QylbrPPNQXJpiiqGpFWbjYGuqVxnuSUQwYzFByHaIhaxAqMnzxbrtqukydHHrvGsFJxTVs
249,249,22,volleyball,,292.03,IMAGELINKHERE,fuHajHDDfUiXeRWWchKtJZptyVnyQWFjAyXmcGobezgGVRzfILfWQjsdqteixjqOVmwFbt
250,250,245,chair,,66.62,IMAGELINKHERE,hsqOUjNjhaTPUXMaRNLPGwZivSUltUeQfDwWfcrYlixQwUZOPVcbuBCxJbsBSqYdojwWFn
251,251,310,necklace,,223.05,IMAGELINKHERE,IXwHCLqyspuaJmwIzJwkazkfbfqNNiGbgwboxZsXODOmhUbRmwLWZoFUXaHfJWyPYptPem
252,252,355,computer,,40.96,IMAGELINKHERE,FDQmYqvyPPYvqDRNobhKHiXjFOolFuFCVCEECAVfRRPrdoNLRlwLyUjKNLZwvSSsPzVjmY
253,253,260,computer,,299.47,IMAGELINKHERE,RHvclPGCNIYSKUuuhortYBfUmKhzUUuIuHxDKZgxqfFcoxKZLVhJVbFkNpTkdJuLYPkxGo
254,254,283,necklace,,355.96,IMAGELINKHERE,YvWfhkTJscvjldiGzkbLzsJmbbuVtLVNthIjENsNtSnmGcajLnDuFZuKvFCMwYJSRGrszs
255,255,333,jeans,,187.38,IMAGELINKHERE,OERANDQNfIbxRcPRIuUeYppvdTauPTkiRZLsUNQymKjzTKdUDGJmerJmGbSleLRZKQajhu
256,256,432,computer,,19.15,IMAGELINKHERE,hQrAARbbvDrnZScgitVumWBJjPQxpzRyvaHQRPwJnwckJjnDFCVRIYNTYHubnTqvatIXGn
257,257,637,volleyball,,139.15,IMAGELINKHERE,fnrZLwzLwiYqttBuAmrQupMagZMHXRfaTOKcNJhvgrUTQSQxEPfFAZTnRGKaABXoPPRXKc
258,258,653,jeans,,222.15,IMAGELINKHERE,ZRmoYUVPmodlRPvbynPhlkYbRnrwfbUeCCSWNsndchbAeiwstMIsljOWjTARpbGnaDaxss
259,259,634,necklace,,365.35,IMAGELINKHERE,VAkKOxgaEwBZYGvKoYJnGfYAfCQFOegZCsjccXpbISVVtvVbxSUoFsUAUvcMIGMpnvQjOt
260,260,526,volleyball,,143.27,IMAGELINKHERE,wQmdGIavLmrNebuvqNyZidsPvAToPKItSthXurdyiSlnnrKnLoHYLMOTOujODAlBYRNNAY
261,261,405,necklace,,241.61,IMAGELINKHERE,fRCnUuojRhJzGorpkerZdwGPFltzgvrcORJXTBtXOVmmcubbHDMgdBrXmPUhTHcstnrvIH
262,262,168,computer,,59.81,IMAGELINKHERE,IyMFmGBQwPrGLeLLpxoEdIbUfCIQbrGdvRoMgStmzQwZlXpYHAjLUjkqbazDHkkEIEoyBD
263,263,294,necklace,,292.06,IMAGELINKHERE,rHSDHGLcwSoyJFApOCkAnQmTjDocsJIOjUECyigoMzDZPtgMEcHoKuBfavptpZhTELQcAN
264,264,28,jeans,,39.28,IMAGELINKHERE,OYUuHQztzHxxzPluTEGwUctQaKmkrZDlVBufAllZMknOCMZrwVrFLfhoDhFsEfCYQfwjkb
265,265,226,water bottle,,159.66,IMAGELINKHERE,RbBJpiNLzYIBhFaNKowwwZPLcgdPtFgFeOnyTitIrwKcOeqxgGbUpuvwJBtcEEoxOiObQt
266,266,368,necklace,,240.22,IMAGELINKHERE,OFFBAuHzVeoANPKcPgHBgavzKJIaBrEIVqABXYFHCNQFewcDjyWhRyJKObzqwUNbbCSiSs
267,267,605,nail polish,,122.34,IMAGELINKHERE,SjNINjqXREZBDwLlmwUzmxEWlvWavJxNfhQSYUNWUtehjhEOJgEGmIqpmFhvkpoUhtIaER
268,268,526,volleyball,,246.91,IMAGELINKHERE,TrmHYHZFGPMPHykSZAYYEvzMOscqeHZOYVunitHyMvfBScxMPwhQAETxibSTaALlJKDoDu
269,269,561,computer,,150.15,IMAGELINKHERE,VSNOtPTZmaKKBTgUgZzyPGPGRsAZWSKQlTFGkDvtJLHpWsMohiCyOGdNXbgGIGJzMgIAgZ
270,270,398,water bottle,,6.68,IMAGELINKHERE,RuRymORqurhcvhRuuLZBuxTUaQeWqyswnNVLhKcNLNKzkfMwPGFEYkzVCOJxFPaFRIqJrY
271,271,397,t-shirt,,15.56,IMAGELINKHERE,jwZOHaUdaMTDgSKccqoOiweEpNnNaMdEwUQgmnzBOYxGPNuEjtTEbOFJNqygMHJsjbWTEh
272,272,560,computer,,29.37,IMAGELINKHERE,XwAaxIueTCfhCKEuvZCUcYaAqeRuNNhtaDiKYKnrCxbJISPKGmJVYAyjAStGGIZGAmHBKM
273,273,447,computer,,244.51,IMAGELINKHERE,hheWdiZOGLoWszwTploJUvDlVPJpfGkFmWeucIDksPSoWxFDvLrUaWXqEubadNHYClKRJP
274,274,310,volleyball,,25.73,IMAGELINKHERE,tpbxYELnPVlkCKTmppSVYvCdCzwfBioSfpVgPHqGDEWUkTuIqjTiqFlKlkIJdVOjTjpwjV
275,275,92,necklace,,266.9,IMAGELINKHERE,rWpCeVYtyEdPeiOlnWMvzYtggeuDIWquxiwnTqXCLWnhnZbaLLWvjzsNBuGzkKJzNYenrA
276,276,642,t-shirt,,145.28,IMAGELINKHERE,IucoTMXAALoUvwHKOfwItiPYYDEjIhhdICwLVlAFmIpEbsIrmwmeMAvGJlxfTYxnsXIJkj
277,277,605,charger,,170.12,IMAGELINKHERE,ArBVDYvMcljuQvrULjJcggfDRzqcmiKFmFByYoGJLATmYVmNUMxixjOkRJiCobWXYtmcnA
278,278,653,jeans,,363.74,IMAGELINKHERE,aRvuPbwpBCmjDxoIRRZzYJhcKyybwgNhPPGQMYIrOZzuyhyQRbdxFIgCyPXQmvtEmzyYWv
279,279,76,necklace,,206.57,IMAGELINKHERE,CtQSsYekrzaEkAZQtlphitDvNTutXoYmghcBtbyiCXMlbnoDVeKJeLRFkJJeJFpzvzyJFf
280,280,611,earring,,332.35,IMAGELINKHERE,aXYnLXEgLOkojzQHBbMwSCQKlwcPfbAoxQdnfgZpJwovWnZKstdbcyoqgHTRlwYfuSakNh
281,281,270,t-shirt,,389.16,IMAGELINKHERE,UNmZHrgtmLYBpPgCoeUocJvYVFLIsWAPPnzitNqsGDvhrTXlKzXZUMXwSukOkoCkCVFays
282,282,199,t-shirt,,385.6,IMAGELINKHERE,pgkhYZJTAwRegdVaanWZkqpUkrPtuGgmPHHTVuUCLPJVjiZBpErRhuuQQkrSEwuPsjKDxc
283,283,318,nail polish,,320.66,IMAGELINKHERE,hEnFOLflDiwOubHkepnFzHMNHSnZhwgJJSMjkVsoyamKonlAaaUnuatdUbAOqzFLPIBAlT
284,284,411,necklace,,197.55,IMAGELINKHERE,jqAobBFHqEDxfnCKjLaJRdPVIJiezVFvjOgUhzdzxIZyBjmWOKJqUbEyoIDETTrKTmPWMj
285,285,63,necklace,,360.36,IMAGELINKHERE,gHFEjRUJyKjIknADIyzeVIZJevBRmoolbBCghaJdzrUoZAaLKDGxKoGhUUAdFSYkwQQPUC
286,286,449,t-shirt,,160.26,IMAGELINKHERE,BWAwNJYUarCEmDTvdTqwupKCXVcWuYAvhvlqkKwqwUcwLPoNCwrNCWiCasuXEEDNoVBYmX
287,287,394,nail polish,,18.75,IMAGELINKHERE,EsyyeIDwKxfjaxtxtqDuUZIdSiHUqvCCWHYlqdBYbaEPCDAiPTClsmSSnkVFNkcCQwuAyD
288,288,229,water bottle,,150.03,IMAGELINKHERE,CfpnXNLVJbQogsIuURSbsgFsgFPxbWIZFiWaLpFkOZVSdtYOFrUADHetCCRLgVrbNuTpTV
289,289,238,necklace,,188.79,IMAGELINKHERE,ulmTzAKqRdcuMNfqpxnWmWVdJVXzyEuocXcJGWKXvkkpRDVHDKwTphqFahIcGBeYpdbgWe
290,290,288,charger,,305.27,IMAGELINKHERE,PRBWfZmZMKVzGSxKztrZfufUMbgwoKIHbxFUKiTyrWvglEblAteRyeFFWzMgCwjZAVnsfm
291,291,121,earring,,256.29,IMAGELINKHERE,uZAnhSOhscdLABcWPXHYbvkGIXazpFTTWiaFTvGVqNFsgdtPAocZwsCUQAmuSbMJhVMsFT
292,292,566,necklace,,69.71,IMAGELINKHERE,WfykPlYGEsJEItWtaKnHCBYuzLTRMjqEszjqJaMiunYZDyFBegyEzFGUJDHgdUFVhaSdTK
293,293,390,t-shirt,,222.06,IMAGELINKHERE,iUCmVHyTZzXqNfsjnUjBePVpxMYDDfBYHGxhRsVSPKmcJZqwKomBDMAFhFAowfWtiIqDDQ
294,294,555,chair,,66.59,IMAGELINKHERE,iyWZDFUMecTGIWaMRPTnargjbMBZmcxXvIOsSnAWCEIOZHsHbPuPMmDBzkKBeAmSHMvbFD
295,295,322,computer,,137.28,IMAGELINKHERE,bxvItrtCurOZDTAEzyEdSwztWygTJijcPIdGcoisBjHOLPQngPrRyUBBfnBULFNUtYNcpl
296,296,550,necklace,,344.09,IMAGELINKHERE,bnkFqsahMJUsLhIJhxOfyuxiasGCTMAuBGqpRHNXDeaaLxDhRkvWruZdZTlpUBnwMympKh
297,297,684,water bottle,,375.89,IMAGELINKHERE,mbcqMRlfkXWCoVvmlmqmOwHeDIGQDyBeeaiMWMHEUBeFywaEjiuAZGzoKEVLioAyFBjaIP
298,298,526,volleyball,,256.22,IMAGELINKHERE,fnJQZTnivtlPEjyNrXvlRYxEByLNQHvkbyFcYVflOUmlIcbcQEVBpwHdstoKwLKheUFlOL
299,299,13,volleyball,,264.69,IMAGELINKHERE,sIAdMGTsjNrftvcvEQKxFMVacvzVGIDeAVDereLkguKDJIztypMEpDHAXcqYjaSJNKfGvx
300,300,600,water bottle,,170.54,IMAGELINKHERE,nzMrwiQvnkkUeROhVDJxVTaqWjXDWmZtDSTRLRwmCEXlMXFtKCIVIPRqkmpYUBmRbPvQUa
301,301,405,jeans,,308.77,IMAGELINKHERE,KnLLRPdntUsFFHnBzeTUmscxGWjepVInPNubxYcxhTLJdmEWrmFtLRFtrRQDnIctDerdIG
302,302,557,earring,,293.18,IMAGELINKHERE,RBalNBNxbUrcSNWbeGhjuzRRKyveYsDwdYmFluBEazPjyVIDEWlLfwKCPeicQVeurrMeYb
303,303,224,necklace,,108.75,IMAGELINKHERE,PxjYJLpYygUiBeSVoVAkPLVYsyrImGHgKtDTxaFMwIHWvCRWnapHwfCTMexAQFBVRMbqCC
304,304,249,water bottle,,290.18,IMAGELINKHERE,kawGiQyWwKqyvllLPTYrrGtQcyuKsWeTQNwYzfCxTLdekhOZRgAHXshjVJpaUoUSLqxNzA
305,305,377,water bottle,,151.83,IMAGELINKHERE,kwlxlpqSgdKFDMZNYIFSXzGManSWpPeRQWmCnCwaJumaYPcZDteCNEKCykepIoGlFKmqeA
306,306,126,chair,,270.1,IMAGELINKHERE,PAyMxmIGJMllGcfqsNFnpplkXVXYELhduFRoIFfjNSTHJxkgWhsPhdyIhneBlMccQzPQrH
307,307,470,necklace,,345.37,IMAGELINKHERE,TUqLJBaEBCQRaeKqIsaLaKAyDDJLFMUCQxwikPnaUpmcNVWwAhdZhGiuIsZDWMQAfCQRGF
308,308,34,jeans,,155.96,IMAGELINKHERE,iTHRyYczQrrNJBYkNpunJPCWBodCaqADLcJCEGMGQJPVPKeCSgsSWcZjhEvzQhkMYeDmXr
309,309,548,t-shirt,,208.34,IMAGELINKHERE,GYuVxmdPMyypOrxbYDpONTgNVvYFpCPxUxcTZjftKhKuznEgwhSOijBTwMyDYeJwlfNkTL
310,310,109,volleyball,,109.3,IMAGELINKHERE,MepfvbkELxWefSZnIeyRjkooOtBowiqEmFFVtEBhEGPpeDFMENTDJFKpfJIPqoHgXgYVDt
311,311,698,jeans,,261.67,IMAGELINKHERE,NdotHiMUCdkhfPACWvoQxqcKyaVyaIGHEdRRBnyybVhWxLywxMUAgNcPDvyUlbsdOxsCse
312,312,563,earring,,356.15,IMAGELINKHERE,HwnzRfDwVqGuFUhjZPzCgYwdKzMzfINrdAjfcqgiEXfhHfFHKPPTcTFaDKqFWygVPhZErI
313,313,197,volleyball,,158.25,IMAGELINKHERE,QzQswLWyQILMDfdbAffMBuEImQLCyfGvCbCktmxEYIYTtvnoznKgqxxZbxfvSlUSkTPHpz
314,314,516,nail polish,,243.54,IMAGELINKHERE,uUEfRSusQbtmqoIHYEJLUNVQXvyaJZiAAGJTGePmbBWDxIlMciZHKUrVwWvkqQgIToJoAG
315,315,173,jeans,,244.34,IMAGELINKHERE,PvagYvaEkBZpkArQrxfQjyizRXcgdIuBYOsyhYGFYAWgkSdNcHjcIDkwnFyNzDFEWSyXqs
316,316,501,nail polish,,73.19,IMAGELINKHERE,mCmODrFnxYmdmiavZyklkiysHSYFDeJChtfbLTHtCCxiWOsRxTVhgtZLpHMuOPDUqUmGiP
317,317,390,nail polish,,175.68,IMAGELINKHERE,SxudsotZykBTQEXpOeMPvxsKwRldLhAKLnjFjMdkxGDofTzGsKrLqbpUeZtIdAVldcNiPU
318,318,667,charger,,23.08,IMAGELINKHERE,qSUgQSIkOwgyKVAYFvPBvCvXLAnlxzhczxMhalIkBOAjAArzoyLBEkkwZXQwexvTussRdW
319,319,429,water bottle,,304.7,IMAGELINKHERE,cIlhGvVbdioFdZlLsKQthjJgbhzlWFkQlTGoulvwjPlQoOXGIKKOjpYAMYCGNDHZDvrbOK
320,320,430,water bottle,,236.99,IMAGELINKHERE,kywPrgVeeDkSnMBpDzGufhtTlKoJFoWtobMhLckKjumNizmRJpMSITaRPYgICBLuTfIoCC
321,321,529,earring,,282.22,IMAGELINKHERE,appxAYzmOGeFDNaglLfxcunimaMteCHybSwHgGuwmBRiQRejplmwoChPZTwKLYcuEMIloP
322,322,592,water bottle,,307.54,IMAGELINKHERE,TGMvakLRIxRmoxLJKdPTrueHUyQIlicqTMLKKitoRyHrJVPBatIWIrHGgSUSuFVJhoPiVF
323,323,384,earring,,135.51,IMAGELINKHERE,ZEQgxlkdPmgqJsWBrXSdMitjQVDDLFfFlkvieMvlzTaebhGLouVxKnsKJNrVQCtnCuBYvM
324,324,656,chair,,272.26,IMAGELINKHERE,wnBBWhCRWvLdawnLgmvlVLJQUcMeVtzBTsfTNQjWKBpbHMtIWvGOGMJanSbPbxmjTchRCA
325,325,32,volleyball,,161.58,IMAGELINKHERE,cywNrKULawEHstBvXEBKwCCnBwCJzqTmkgbCOztSkqzPgMmmxoIhMyvbDFpFdsVfvbolbo
326,326,479,nail polish,,176.58,IMAGELINKHERE,LZZMrfhhFhwABXqjHerOvIGJxvctJICcCzmEESUoFOFCEwUZTLzfldaDlwSOKozFQfnPIm
327,327,349,nail polish,,156.08,IMAGELINKHERE,WNnJaPDQUNdDrcDqKiLvVFFTuMRNuOTEufRtjKVjjfuClUISTawVKVYWbQiQoYlMFMTRNc
328,328,107,earring,,330.06,IMAGELINKHERE,rlYCnqUXqGhKMvkUYhPCcXMAjrbMFNehqzYyalqJGKWtDAZeiFrnnioAbSpBcSJeLpbhHc
329,329,615,necklace,,301.76,IMAGELINKHERE,hjWIBDlZqGszbikRSFPMnPBxauYNACBnGzyxoySDNLAuwYBKOKwLVJAUoGZwDQMnVQytrA
330,330,488,computer,,151.21,IMAGELINKHERE,dYTyrmlNRvLIDKqngZlcXzkLYPGkCffIAdjoLPlNABiZomnnfRYTcNhxFqqwncvlComjQc
331,331,496,volleyball,,310.25,IMAGELINKHERE,MvdVcghtjUWlATJCCPMGTVXbwMNIHGsnRVAzVFdLOVTNMINwvOFHJzPrLUYAywZFteswtu
332,332,226,computer,,278.04,IMAGELINKHERE,YsaHZNxdFWnsQsSncfPsSahVlHiqRATfmLMLYvoJTyoQvhjpbTEEYwwLRDqBVybvBwhPWr
333,333,410,water bottle,,321.25,IMAGELINKHERE,BAPeBOSFgtbMgEuNbeviYBsqMnNNxplyruwAiTdeknsoRfQvNULqjOlATBMTvaTccyUuFf
334,334,537,jeans,,146.06,IMAGELINKHERE,NNoSkoctpAAXHQUfLsOuEthbeSMklqfAwxQMdXgnxptWAZImeDMEtkAdmJvJIUnAVTYdPV
335,335,668,earring,,397.27,IMAGELINKHERE,MeKCLkLCJyPzbcWYWctrCwolyjMTUVPsowFMSXjzPxVSaWluBeDxuKueTGtsVslVUsixlJ
336,336,540,chair,,67.26,IMAGELINKHERE,dAbgEEPdIIRlpNRaPPtfzyDfrtYPCAKXcLYZZeTlOMWmlhYuwQSCueJtBCAExSvQKQfinu
337,337,117,nail polish,,133.54,IMAGELINKHERE,LGxBlJeOlzrabZKKjYIUnhZnwfwWuVKPFhGuBDzZRzpemDBniAkOqyirycerZUhNfLxeae
338,338,290,jeans,,163.13,IMAGELINKHERE,lkAbRptXYWJEcqVYwfKhwulLOsGsoHNbGAtttCLwvUutsdvsrpSoMbBboqgzsCkGPoStPd
339,339,237,volleyball,,294.61,IMAGELINKHERE,LneWeldtfsffZjJMLgOIOhUMaUbQokXJXlbRYmsuJADYzYDpLUpbzYRKkWLEONHsyokpWw
340,340,92,earring,,26.88,IMAGELINKHERE,BtuHGBBCjTHnWFuLMksAlFbMYpxMxVWVbjMkAxrXUIYRFZCKLrGpZZjFvlifkPQNuxdAVU
341,341,313,necklace,,247.44,IMAGELINKHERE,BxewsFARXUixGaDoKsqxBIoUCDKHrhwCAwBgqCIZEbuRQaTQhVujkhhWoMqrIWpDkiKlJl
342,342,41,computer,,110.41,IMAGELINKHERE,XscLrXdfJTDEuKRNpkDixxyOvepGrzBDgOHyURnWoteSETjGuXKgKZbaabQneYryxSbezI
343,343,166,water bottle,,233.54,IMAGELINKHERE,hSLkufFOFWvMhfwZLsdLIWyUmBfnRWIXrhvNHuntRnuvUAwPAlywPHMiaiGThlLqBTeAKP
344,344,236,necklace,,258.73,IMAGELINKHERE,dASLfUOzptUOfuwXqgAyrsLAryPYgpwoiZIaAeHRWYcKmuSbkDwFwBhSsWhlEoOzWEbyQo
345,345,591,computer,,257.58,IMAGELINKHERE,ydcKyXVXxPhRhVWmsXVIhSBIxxVrYCNzlAmLcZplNUFUBuzbbqMyLYuHIlfOMyCrGMzbFc
346,346,41,nail polish,,367.71,IMAGELINKHERE,WwADKubJzEcXaoSnipfIYhQIDwWePlJMJMGMXVgtsHenGomblcNCsaiXJUXBpvQsSWKrDY
347,347,337,earring,,103.78,IMAGELINKHERE,nsydLcuagAdLZEKkxcQkiOqpuSQgKEotMOOwKEJPjLwrjhMBLnoeKNeCwDVADyoJvjmFPu
348,348,680,computer,,226.17,IMAGELINKHERE,BSLSWKTXAEMBfQDgWdMxIJFpclOnIjpotuPemsWYVKupnDdAUPsXQaKRpswWAREnljNXtd
349,349,442,computer,,67.87,IMAGELINKHERE,JuGFFWZGlFUxEHGItmRaKvhPPFgeXbDemHTWewuPlnPTuAdGKgxteNYWbTvmoUEmUsMYFx
350,350,697,water bottle,,208.15,IMAGELINKHERE,fbyvzywIVNZykdHcqIxSvpOAmSqpqZOrPlgshaPKjfezsopQacmAktkVMVISkfLEhRrwHJ
351,351,90,t-shirt,,156.93,IMAGELINKHERE,nSDdLbnxhPwUVJVxEetARsZNiJJKZUwSuKZcrthPTGjKkXRNkSiIpsBaFYmHkJSmkFgVkm
352,352,74,earring,,188.28,IMAGELINKHERE,EdwABtkwMNDziDWOVsuHOzlPDzUiRvJwZhuQnRCpmWQkaHAtCgdBcQuyDhgzjiVwnYkwYH
353,353,279,computer,,137.57,IMAGELINKHERE,RvAtjmUrWfWLrIHogQsluPkxJOLNbakbGqVfQSbwjbSFWadCUAxenxsppMkaPvDyUkkbxo
354,354,349,water bottle,,188.3,IMAGELINKHERE,oviLTAXHIqlZHMdlzmAFkMQGXtdjwdfwwvuEAhfgzPCXCaKFBdUIPFtafulPwVjkknsYKL
355,355,40,charger,,62.19,IMAGELINKHERE,XLKdxuLNkaaAQqaDKhXdGnRKYCRnfVplmYGxTZzcEWOIYwQKHNzJdZZBeBkBqONxpmRahF
356,356,236,earring,,307.49,IMAGELINKHERE,jMOprowdxADBwcsSNdhgrZXTRAtMPQnYIpcLdZHJyVArlSVbWMAgWWTrgdsANUXQUEnQSj
357,357,230,jeans,,222.75,IMAGELINKHERE,yOCubAuVEQgcGuQTamEIggSSYaFGLlDptEkkCfbrPDssgBFhnXNUwgkCJxcfnNPXqfaxRP
358,358,313,t-shirt,,111.62,IMAGELINKHERE,HsEzkrxEYnxvclCBdSkbiPtJqrPUTkPucSrbCSVkwgwpYKVTsUKiKTMbGZGSuMWTwrjLGc
359,359,108,volleyball,,56.59,IMAGELINKHERE,shsUVctHIwshmjJhBcYMKkxfuEljbUPKqzhWAnEaDbxrPMQCgYdbLWaPIeiIgyOamdjyNw
360,360,307,earring,,343.15,IMAGELINKHERE,IvWdlSePyzrSOdlxkapNogBmsDzERhGoRZihZGsUmChxldcgFPqgyVtsabvjSDjGkBYIuA
361,361,147,earring,,289.45,IMAGELINKHERE,JTkAOSSAdbpNnBNtcvlpfZkgYqSGYLBzrldzKtnCczpPHGcTtdsZaUgforkHffoNcmVIoE
362,362,393,volleyball,,296.43,IMAGELINKHERE,ImtctBJUgeEDyFPoxaGhftlsEAjTrVTwlnTnPczLYbUmSdlkVdDrBQvLrSebhRbcYAiACu
363,363,251,jeans,,148.57,IMAGELINKHERE,MRmKGeRirLNsYIRpgTgjfBLxpEZyduxNmsIIetTQPnVxbeiuGrTBTDxWbbSQzzBYQAsKVM
364,364,479,volleyball,,20.0,IMAGELINKHERE,ypsvzsrYUYPBkkVYFtEUQJcCuhSMMpQAARbUvOrhwohhDmcTrQvaIRYfXEVngUeXoaNvut
365,365,433,jeans,,54.76,IMAGELINKHERE,OeTBfJVTLSQYcNQUzezQzgSIbDcasCmgFpoXHcLruFZDMOgONSraNmiuUKSqYHJIzuWPQL
366,366,83,earring,,269.3,IMAGELINKHERE,glDHrQpIynPPNLbabnJguueBjpSlgVfkhWHsPElPifkhEyUKmmOYJGmXnkZNOnSDWSyMee
367,367,201,t-shirt,,64.79,IMAGELINKHERE,EILlCGDQAhWUrJeOCNlnHVIksBVlltBdmmYDdiwqtblBmrsbtTQhnaNHufMZWLUKKKrGHw
368,368,181,earring,,164.31,IMAGELINKHERE,faXQkBsoBoKFcaoWQUScBNTAbboHeqIwtNmapLwGeRPzVYHSgvQYMFPMXMwjNCrjmqSERb
369,369,606,nail polish,,121.83,IMAGELINKHERE,AGwFbajeJvurduhQXJoDrSnJBsPHSKGhrVnPlZJTkPiQrROnHQjkPGUrrBZTkAbtkOiSHL
370,370,331,jeans,,69.55,IMAGELINKHERE,eOTsdhJTkqpPMTTaBujSVFlBaeuVhnlBQdAWZcoybVQlUcnfcOWxagjWbuJXdSUBNOAQsR
371,371,312,earring,,357.47,IMAGELINKHERE,LJPVCwTPDAOCgQEiVoIjltMujyKDlSYASIaAZwzZhdoFUkOsMNLjVoLXXSofhJtzWRkhDn
372,372,285,charger,,185.19,IMAGELINKHERE,zuvmkxjpgQSJQDjkNihivNZYCyGuuxDxfnyaODWoHGkrTBOJjaWuANjsZqaIhXEZSAaquR
373,373,107,nail polish,,369.71,IMAGELINKHERE,BPLaJXBsfhiLEkUluEldHVsRSZsuOxIEnxlhYdKDWcmyJPZdtZfCGNzfHcdyQNrjHuWOze
374,374,118,t-shirt,,273.01,IMAGELINKHERE,axXDLvEbDbmzUcyQimhJToqJsVpBEMFGkvJoiVUIRgVaXaVdYYQhCtasnclJwXsTBgJPUt
375,375,83,t-shirt,,202.44,IMAGELINKHERE,SDVgNQFrcrCAAWxOzehkkuMAdhhRENOcovGVzZiCmsjMXesHMkaOKzSuyGodkgOdKINVVh
376,376,94,jeans,,174.85,IMAGELINKHERE,DtZiFJOtyPOUnqWlzXDrhUoQqOKhbmGUrTxlRLnvHNvHaNJYnkQDtgjwVJziqJJPvUKGkM
377,377,676,earring,,252.02,IMAGELINKHERE,XcKPPcGykFmNGyuustQMpGWGKdGxUjUlszJurAjTtgckqpyxBymfgWWDrBlVgpHOxlmxHs
378,378,288,necklace,,210.22,IMAGELINKHERE,LKIqSfuGrkKDnfDokrQJfmpfubmYcIkPRHUPzdfhyhXvkqcubqNvUaMcMLFvLSmAjTwPNM
379,379,450,jeans,,100.71,IMAGELINKHERE,WIfNtpXMlGrcjdWPiVDBQSDDDVGEjRQAKfNscKrINwlHvnOXhxpnIrInWLUSWWLhUlhMJa
380,380,279,earring,,268.25,IMAGELINKHERE,zyKqnDeGVRTTPmMSpPnsyQdCUwEHPGxbMVNvxxwJKjccHDDdxcNKcIuhSfIKRfRnJkcrwZ
381,381,622,volleyball,,107.55,IMAGELINKHERE,UBSpfnJZFOkRupZWjWeMqudkzInvkGfwyHqnBjWTMFKREDSVwJlESERYwGhdVQXqHScrCm
382,382,211,computer,,235.51,IMAGELINKHERE,jLxPOwReSHdXNWQoBKKeCDRNDHIvsmLgpughJydoRbHXQsaLMDbkRJciOJjJKpvTmsDWtv
383,383,156,computer,,109.37,IMAGELINKHERE,fmZRcptCfhEsqQBwgTADaCPIURRxAKEZoesSnjsAANvgHkVUaewBDOtZHyeOempxZPMxxI
384,384,665,chair,,354.71,IMAGELINKHERE,lsnTzZdlLbNNvIIsnWXfAgxCWMUJjzkKVyzxQQzxESXutZxHUyapuTmbAAtOPokzTCGmbj
385,385,635,earring,,162.32,IMAGELINKHERE,gmOSwHIAIFfomxZXrEvBoqYAOLPWfKevDvqKzpsiejHsmMAAsJzjmeACYjzjeDRhkRcSGg
386,386,489,t-shirt,,165.46,IMAGELINKHERE,CLUiwohHTOcfopkgDvnYCJVbXvMmlyDZYZeupNRGihpQqqeWHNbppqIFyxOIYTLfkTcgmP
387,387,333,water bottle,,228.07,IMAGELINKHERE,UNKnMfJFyqXtBhLVpFkohTDKdunoeDHXzZuQJNqaiKfhNdxfQxIATWDZdomlvvocULTUrG
388,388,315,volleyball,,222.04,IMAGELINKHERE,ZQeOQpcUzdulojIkpadfwvsmZLqXWMJyYKeCWzcwzUlgunpsknPWNcHsrtjaVHBVYvoXhE
389,389,623,earring,,150.91,IMAGELINKHERE,kylvocSpachOzKcAnVSmlwzbvhqavlcSnITPQcoYQtHtnYVNNvdokswgvObBcHYGjRfAAH
390,390,231,jeans,,281.58,IMAGELINKHERE,jODhVcGUVWpvgtErDHsgAiZWfMMWRYoVjtcNLRcogZYExmzCnRstjpTiLuxjqwbaLSoaQO
391,391,144,computer,,328.94,IMAGELINKHERE,AdQOGvHqUpbhNrvSmClzJcxKFvvUWAIpjMurmJELpGcdRCDZWuRtkcMaHSdLGxMXzhuclJ
392,392,512,charger,,392.83,IMAGELINKHERE,pXkYjStPVWSvgLhUvSCOXNDteCGUqcBOItxOhLpfycGuwJoVapxVyocxlaOIOwQcGOyZCo
393,393,340,earring,,38.88,IMAGELINKHERE,AMGawaiFTHPsLABTPEkJmlpZMJnKWITsIENsjTXEQPhyXOEYcIPlcgyukLQyGTNyPyWCRc
394,394,79,nail polish,,53.78,IMAGELINKHERE,AUCwzEWawGhnAoTpdmUgXsPGcRwuVRQoYeCQrtuJWDXGZQWWAvMlfDLCaRRQbhjAluaJuV
395,395,254,volleyball,,118.62,IMAGELINKHERE,ppGtwsbjJSWmHJQWabHmxRnczpGVBlALDHWgaCoXshrFElhRQeUhBFUNqgpAoOwMrHtkMA
396,396,464,necklace,,29.75,IMAGELINKHERE,tAyEOxTILAeJkCXyFHSulfKieIYVFjohzLiWIBHKjQjQUBdmJZoSSLMgBaJHEcxeJLmSmX
397,397,264,earring,,350.41,IMAGELINKHERE,plTNPpFHbbWVlXYfUHkHZqvuKEeAUDvaYeMQrRMDZkDoYljVJRLroudqHIbMKecNuLOcso
398,398,490,t-shirt,,378.51,IMAGELINKHERE,WBNPFFvMjXvTFSVrxWofkCajesJEABupXTsJruTaHGeJxWaqKObkDwHITFYDnWNKNCIiUo
399,399,354,nail polish,,4.23,IMAGELINKHERE,iBlXTjntLcvnneaVQjpPTbgAdmuNGkdHVnNUxGArpMOYnjWBJLjaJLwUVSlZFSzREgYeNF
400,400,220,t-shirt,,3.38,IMAGELINKHERE,GsSUumjLdAGiwYGQoZBUQkStrHNNSDDZJKnYCXJmLCmqvKkhXgABCEcpsnrbFHLMRKnNYe
401,401,157,chair,,111.65,IMAGELINKHERE,DZRcguDvLgiGqLqbEUoSLPojeZifkGoXDcrsMKckPYrQaiBEgVhUWcZhiibFRdcCllswDa
402,402,508,chair,,201.06,IMAGELINKHERE,aJyWGrpvykNRXCDCqnhsgfzxqkEnZyRSYuXbFSkWdjyhygBMKCVEMOWHKsPKhIkjmDLkDb
403,403,59,charger,,87.7,IMAGELINKHERE,CfORXMLkQESNkSOMfvzmchcrHFOoyfoHzicCtatJAjsLNsdAQZpZFtQUGmCENNPTHpJKZL
404,404,100,necklace,,237.5,IMAGELINKHERE,oITmPOiHknvaeEBjCFrbtiodTjxtafHaoNXzzKyvBbrHqQcSatBFsudyixvBRMeTYSVxuv
405,405,563,water bottle,,105.57,IMAGELINKHERE,hSNFUudclVQCwdxURYgTrViLgbjrQoFsVFMbDlifOUuLqslWWCkAToDsUHLmIvjFdMMdKZ
406,406,383,charger,,387.8,IMAGELINKHERE,AfNdSoXesIpoklCgtqrSkYHPfiKKldXRgCSmALpepCHYDkcigmdnWzKNrLIulhatoswbcw
407,407,692,earring,,318.75,IMAGELINKHERE,WALleleUcQDuOJapQUFtHPXqDxkHrtMjgsZsoavUSnvukijxybiMJkeFvFJllWHgIWTBEK
408,408,166,computer,,369.99,IMAGELINKHERE,mbYZAyAWLziKjpdoqpfHUOzcBzVIywLXQnRXwBmqnWOpwuHheioTJKlSYNIKuLUvCelSUA
409,409,532,charger,,133.84,IMAGELINKHERE,GpluUagvqSZyLIiJwkGbIjHlXEgKfAEWqshXtwYLdlUHpOyPZUYbCDHHWuaRtugEEgjtCW
410,410,397,water bottle,,80.85,IMAGELINKHERE,ZSPcxTNhDYGewAvdETmndgxCUckBYEqJbrOwaUitbeMzKlmbWOPiGzeadFFFWmkpXFlnin
411,411,244,charger,,144.57,IMAGELINKHERE,PNZYQJPnNAmCOYTEAYhEPSKHkyYYVOhqLlqjItAHSiJRwEazjPPJVFooAlJIpcyUBISMAZ
412,412,514,necklace,,127.12,IMAGELINKHERE,CoYQwxZrVPtFRqPqWikEsfZBVuEfwJSENPgjYLnkmfiaLWbqduBkCbfMvvoFEETBDltBPJ
413,413,499,water bottle,,33.15,IMAGELINKHERE,ZvuaMxXfqILVGKeAiknKufnCvHDcrNMeXIjrwMiMPKADoSnCYqsUctzaVROYaVyyWnbAdQ
414,414,519,chair,,87.52,IMAGELINKHERE,LRewYvNhSmtZEqzDIsDcJtfIieUndBKolJPCwjxNXNvNBmEDldwbivKNrnuInfQLRtTtYb
415,415,584,computer,,54.22,IMAGELINKHERE,MTulNakuSPuCiKkZtjHnMEYClBLXVeDqXAwOLSFfRLhCyUdzrTYKDykRsgMjiPDJXNQIEE
416,416,402,earring,,106.05,IMAGELINKHERE,QeKpTlWorWLKooEIakkxuExCSHsghOBejPPizEPTUMESUQDodzvfvmyELDWPupfcQpKFqx
417,417,14,water bottle,,287.23,IMAGELINKHERE,zJrXWzgVtIhUVCuVJwVfXXEzPFftsYEggbqaJONKbXmsGLtkoqVrZGzJPwIpUfxQaeFnaR
418,418,335,water bottle,,230.79,IMAGELINKHERE,zEeajOPNGLeeNQalWmVcXsgSAwlOBnxnxSPoCEAPxibjFGqJtCbbcXeLXuNpPyRkZwoJsT
419,419,30,computer,,176.42,IMAGELINKHERE,FXMLtxWGagpyEFptXblvFGLeVCpCZkVCNeSrFXjyJOSoPMUJvGjgbUgFWBxKBMpVuOTafv
420,420,428,chair,,320.05,IMAGELINKHERE,hoyVHiqwhfAVMCyrgBjEQSDnzpNMIFCPqshfdkZuYkpXnGNpCALenMOuhfdqFAajnrCDzZ
421,421,684,earring,,262.78,IMAGELINKHERE,gxuvdeeinIIyNFlUaJbgyTFJMEjnmuwMUYRDJjKlHLSEguwvOgTGNMXixeXnQuTnihpwCd
422,422,208,volleyball,,176.98,IMAGELINKHERE,CPWijFdBQeVTPXriEiqKgTtjMeOltjdycuBNZgbCqbVNAuYzVKtCuuLHawyQvidUCGOddL
423,423,164,water bottle,,358.74,IMAGELINKHERE,ozNBzOCJoKKWEtQZaArVANMBfxEgueoSspkirRqrBViJAjjKvmwyvRuXQnOMHuQBhaSjoA
424,424,408,chair,,226.77,IMAGELINKHERE,qGmbZmGePObadJAloEWydQhlEGkTnIhOoKPwLisQwYOIaAVJlWyHKNCzjSShCzkuTFlrcy
425,425,295,jeans,,72.81,IMAGELINKHERE,olLjXisCNxgddeWHUZyINZRFAbXjRNawjcnpfIYjjEPxnEnoGrOImQsArUZSIWnedprIbL
426,426,700,water bottle,,203.74,IMAGELINKHERE,bXnixTzzoPdHaPheBKkRyWimFdAZTchmExduIGEOYQDKeWSNsDoMlYgoaWkamgxKQZKQkc
427,427,84,necklace,,363.08,IMAGELINKHERE,abcCYyYoBqGDlvOFjWrKbpDUAZEBbPTMbCUadJWslcZWrHUUHlildpGoDFYzgNTjLshzXn
428,428,647,t-shirt,,390.87,IMAGELINKHERE,RfDTyGasChmWGvxzbndYsyCDhWkiiLAkPTAlnUJjHsCOhNJMNLUBuPoYFSVrbNatNGcDBN
429,429,77,computer,,253.79,IMAGELINKHERE,tbLEvIpXYdYAGLBdZajslBneraIRKKRJZmrweQKcuTUuAjemdSWHMekqhAjYNukypyNvXx
430,430,258,computer,,310.15,IMAGELINKHERE,aPsOcVORlfksoBKKuxlXJbqbdMcDjdHiXrKiJywdbFlMxUoSpHjcgopQpeUvnVhvDOdEbl
431,431,201,water bottle,,356.6,IMAGELINKHERE,amvJXSSHjefIdNlJGzMQJusZgFxYbzjMjAoreOyxVbTVvrnbXPOUPbwdwsJqIAQqFBFNAF
432,432,328,nail polish,,160.1,IMAGELINKHERE,MXybeLCiwdsJgwALAPnkcToSTzsknfumzyCyZzWhpneMFqRFKXOXHdzRNmlneyGBbxvguQ
433,433,408,t-shirt,,118.16,IMAGELINKHERE,QhPRLmgnaYPhmdUMMOIuvtkziuEbXxBfebbBvXUpXaJRnQYXutxhSqoiwyuYMmMoHSsCTd
434,434,508,necklace,,88.87,IMAGELINKHERE,tGuXsFZOtBVbaMEHxTHLxpKsgkFLqDAYLpaFVXRTKByZxhihTyBrVqzEbDnHVdeJBPoDsJ
435,435,635,necklace,,283.39,IMAGELINKHERE,dFdOPayPhBlWWytZmQIFbOjBfeDDHHyVITVUVjntNcmKiHAAonDQZmfIVPjhotXcRedyNV
436,436,223,charger,,253.59,IMAGELINKHERE,oicZHqpEnOHFotUnqBtFJtfhBuEvXdHkZyLBGYkMMlTqdQSQyizpvLIUPlyZuPAFrcrrvx
437,437,44,t-shirt,,275.02,IMAGELINKHERE,SioqfzPoNPODopQpAtwzGcVbPkDfNMPVRPysqTCQXKfIApmpDXfVkVPgpqxZkoJOyVNljb
438,438,496,volleyball,,147.55,IMAGELINKHERE,JHnpPBRtVqpaDQPJPLsWvHBSWrbDHgFTgsuSngiYwOhZBnwBBtfRfWqxGhzhBfEkFWaUEb
439,439,182,jeans,,356.91,IMAGELINKHERE,ovRENBnKJPtprvnvUuoCAZeVgxHnXFUGfCmHGQSnqnpykKknbJmoLqJxenoCApwQZETSAy
440,440,387,nail polish,,387.6,IMAGELINKHERE,fDTFXpqhGKXXgJiyqMVCFtxXHpujAgFjXsKAqaNKfXJUwxsJbdzaipRnNZpebmEqsOeqYX
441,441,163,jeans,,37.18,IMAGELINKHERE,yZQVCTvwPopOUxbVHrHrCplMFMLeAiMgymWAoQjxXuVwPlJSlsPspSPQbVeBrbMuiRKZMI
442,442,694,t-shirt,,381.43,IMAGELINKHERE,YqMPKxqAPrfkJMAHeedbJYPHevZnMfGspRiJJnPWDnMnVEsVzSSpShMZuahZiDeJFwfSfo
443,443,60,computer,,361.05,IMAGELINKHERE,oAmDvDwzfJZTjVUKtXKIBacDjcXOplCkWKhUYejrAzDLDQVFCboMMeWfmwJUOMpNGGrGIj
444,444,249,earring,,107.1,IMAGELINKHERE,LUDXplAiTsuDDNDOweXueRCOifYXKJwqdBzEUSdMMcpancjJRKQYNzoVWoUCRXUnKPlByA
445,445,264,necklace,,71.32,IMAGELINKHERE,WwlUPYJqZgdkziSxEXoHimPyxaCRxdElyVZYQmqpJNwkNEytSQsrtBRCEiJlHWAAdQUnaW
446,446,65,t-shirt,,333.3,IMAGELINKHERE,MJHiVcZtJgLTmvIuPGqfivTnFXFbuyjzecZgEhZKovIaUthdeAeosyRELDDyFHYoVJKjXT
447,447,384,chair,,352.17,IMAGELINKHERE,ApvViDghTVCLjOEGPmHYzIapNzejecTyTvMsisOkAiIhwMJyamtCAjlluSMFfnBWxoLOGS
448,448,55,water bottle,,221.93,IMAGELINKHERE,TqROvKebuTQJbztdmJjXQmdYFPKecpEbCuNKFLjpYFxdmYxOgTKHVUGkBFmzjwBQOUahhW
449,449,693,chair,,246.2,IMAGELINKHERE,OHnsPXjndkaYqMkqHujbElkhpiGwTcyNBinwULsLzWyfUdWnWXGKUywoKJPktVweapZeYW
450,450,266,jeans,,269.28,IMAGELINKHERE,AztviiHjHeCrQZfaYKuhbXwKhnMeitvJXruJvvvDPKslgaPIsyEcvdwrItdifEZCNoUKBk
451,451,610,chair,,172.73,IMAGELINKHERE,esLEGNJLevNnMHinBaxcEMlOjpMhHVmtrRbSECHvIPxvthOVznaJmJyqeAUQIIMAKVpxUk
452,452,404,charger,,186.14,IMAGELINKHERE,EVpSIoaomFZdEgNmMcGCTfKNezKRHCjeIIksrViAFXxDuqigQbSxzmOZTfwlnuukjJZlWM
453,453,323,volleyball,,210.6,IMAGELINKHERE,vKzQvczuVeIhodHJnxvHfMqekBqHdKwMPdxPKThqdQZSLhAlMQXzMUIQSTfSahVlPupTCe
454,454,385,water bottle,,145.04,IMAGELINKHERE,jsRLKQiXCFIPgIMtcxglQshsbizMuhJMZYWXXUfsUEAmRvciGsDqyVxFFQkEHnynPhGpjo
455,455,202,charger,,55.32,IMAGELINKHERE,koDgGdVHIAmPbkAEQAJCqPBtiOmZjqdUJbcxjpWSxJxYKsPHWWjMsZtxaVFNxAHCsVJxmz
456,456,397,nail polish,,356.44,IMAGELINKHERE,PAgKFKdfRqilpQXVPgfgbxNbYBWcZsizNOpaRDZCRPfQghNxAUVhbeMPFWreDzZLuBDkri
457,457,560,nail polish,,132.35,IMAGELINKHERE,YRBhBiISoNdrvEOIOEnnEAByKZkNtmzOdzUMsrkGLRZAFpCrJKhXgtscTaLmQnZWWBFylb
458,458,430,charger,,170.95,IMAGELINKHERE,vVSEySgSlDytbHhsnksjwGiagJwreKUqNDFSUhHZbUximhmRzBnAohWJgmaBMphuFjWcUy
459,459,401,volleyball,,17.39,IMAGELINKHERE,AYHRQzmcjgMAilQgvItqljpuFOvOkiqLOQhxKbLbUmRBVPrvmnNPWxfbPmayjELlTuBmAn
460,460,636,necklace,,311.61,IMAGELINKHERE,AfSBhCuwTNQZHgtZyERBXmfQDhxOkKFZYGmsksdGZiPUMgblahzsWQvFqsMNFtpeqeDbgh
461,461,501,chair,,23.4,IMAGELINKHERE,hskShjnSytxGzpdylmkUFMshZOHBxLVcOCmQiyZqUgdKsHCPlGRHVhvTWeFAjXYHUxUkPY
462,462,693,charger,,128.87,IMAGELINKHERE,OYinUUjwcgQsuFKIxyeBtTamTQRDlFGyrMqoOWQGidMOTlkHizccRfVpokukqJkMTGhwfx
463,463,348,water bottle,,238.31,IMAGELINKHERE,RaxZEMPRLMjPSWSqkxPRufcTofEvqwtJpsNkLKTPNZOJudvbLDRYdhDKnFbDeatDihqoAk
464,464,296,chair,,377.21,IMAGELINKHERE,aWNqbOjRvkpOHinALeXmrnJmmhUdmatRYjNRRrQjCjEmYXSYHjxVrcSfWmJAWJsWquxkwA
465,465,566,t-shirt,,31.01,IMAGELINKHERE,cgHxlWDIJYUsiHnMKBYASZhmdpxdfHxoufCvVkQOBmKxVccuNcgbXthHafbOMyJopdePwR
466,466,636,necklace,,193.99,IMAGELINKHERE,jBIEAagmYKcjpJgJMLhyuxeHMIYOUgcxZmGOaSYCFsjKPwRdTgPiMEvEfqelJwOyyJiBJQ
467,467,131,earring,,57.08,IMAGELINKHERE,jeaHZVsvQRjKNaOPAxPiaEPibFZXqFXOeVBmVXTALsmUuPxYsYgfvNhBSAhDiHcAzIFFEK
468,468,338,nail polish,,112.45,IMAGELINKHERE,NLRJIaGepNZYoClYtDHyIVQglkCGFLZwcSQMLBuiLhDLDvNlyPCkdueplAORZqbDPfRmyS
469,469,515,water bottle,,202.59,IMAGELINKHERE,wZaiUVZAKwQeyEuPvrSrTFHKTUGrRTJWuqFEqPIVZsMKBRGIQKWSYZpPHIlAyPVgKkGgvJ
470,470,638,water bottle,,295.67,IMAGELINKHERE,jMLikwGaLfjbdUncknnPIUdCAdYZhEeZJBqqxijEttcLzzZoOGZqHdnpXEejfzNhWZCoBW
471,471,622,volleyball,,310.91,IMAGELINKHERE,OYRvOydctLrEzQekPUcVEOSIoomKfdASDjOwOCeIBAKSTEiGFqptdDshfyKTmcRiILuKNT
472,472,113,chair,,112.98,IMAGELINKHERE,ViEEJzQwkFVdAiDVasiFQHQyFktzfpXhmqdLUblVpkOQVLDVkkUxGSAFCCzzersIHjofDB
473,473,660,nail polish,,45.23,IMAGELINKHERE,MWEWaJfhVAsJOYyRXqmlnmxFhsGjtwAlDzFTfLeYHPbgWWbPizysVdBIXwdtAEXZAyRguY
474,474,478,volleyball,,197.18,IMAGELINKHERE,AWUgQGEbbnygXutrucVbtiYEvRnxLhKRzQHveLSiZfoBHVbwuavioeWItiPFkxCeIRgZBF
475,475,454,earring,,249.54,IMAGELINKHERE,ACcmqmcvkjvxWbCrCfTgubcJoaGfTvkEqvoEKwELSKwFVRnbujdwQcaZLxVreERyQNjAXw
476,476,382,earring,,84.33,IMAGELINKHERE,GtqYEEZETWhbyImgQGOZdmSCSVfvuLORyFiLibuTEnjhSlcJYJSCSFJbQtYcQWlJQRtTCY
477,477,135,earring,,266.69,IMAGELINKHERE,gYJlSKXbVrSqCZsQNqOfAwSFwifGNQkILJPlTVfYHZzYxPpIhmvPVEgeFttpjFrTyPnpyL
478,478,445,charger,,201.81,IMAGELINKHERE,zHorJxoJkylUYcIupChbgWhcBeKzqDJqCOSkdExyaKToEqVwkNQDLzkWdKkYaOeUFBSvyX
479,479,326,chair,,28.48,IMAGELINKHERE,LlQoCcyEPRXRqyOeyKItunXAsrEUHPBpIAArfPbVuaQyKWSkiWLyzIIQCclKKwLNpJANPk
480,480,138,chair,,266.86,IMAGELINKHERE,plShMbkucclfcxMfRUQJeJiDiqmOjCWmsNaQPNmbaDKKjmWjQkKKxjWIcUSZDTKIPnsyVi
481,481,182,necklace,,322.81,IMAGELINKHERE,hSwSsmhsUvDyQZvXpCaaTabKkOWJqfFknfkDpCroOdXhnSBOCWszhOVQSyaIONnzcrzJiD
482,482,100,chair,,156.86,IMAGELINKHERE,JFvQAGgFXiGLbcbRxiFpjRicNxLvBUbfGAGgJnAiiAPMlGIIhtAdqhhyyHJjbfIPMhMuPO
483,483,350,necklace,,354.88,IMAGELINKHERE,AVvpFVJjLLipzeYDLQsSEtZBWaXCPLGDweKCyPHPhMIHEfEkJjAFhTzHNibIdvNSQyexvp
484,484,560,necklace,,288.59,IMAGELINKHERE,jPcMGAWpcyPEaBKMjeREQICmdzMvCZTPOJRWIEkkEaZlvSYVhdQPLKQQzbxtLCmmREZlVa
485,485,157,chair,,125.26,IMAGELINKHERE,yESFAllposOSRlFUCOeOCEFyUMfsJPcBoTMTOUmIzTwaEqMvejAABYzUGFLkDDRrjCfogH
486,486,680,t-shirt,,261.43,IMAGELINKHERE,LXbStdDxfzKqhiQyXLkNJsTNAgGvLDeyliuUWIkufxOyeOSaNBVBwykmPLqMPWoJgyvIIl
487,487,69,necklace,,129.21,IMAGELINKHERE,NxnLEpJYaWULxkxByXngKtNARsPonJgVfZpThjWRAvKnWwEyxUOWGBNjrwHtCVuTlEaevU
488,488,56,water bottle,,40.63,IMAGELINKHERE,abduGNPjQwgYaotjRdMYdBxbIjDntqcPIUXpUqDCaeeFNFdAPoYhvOJDHoOGoVMilJmpKa
489,489,360,necklace,,241.74,IMAGELINKHERE,fgkoryBfTEjhkfYwbdZCqbeelrwoeouGqjYElqhQKTKOZWtVXniyCSdYjzrekxvUnysoKS
490,490,539,jeans,,270.22,IMAGELINKHERE,ieWIrJyDTKUeJHbRaAOPOjPmebMQcgjETQlhjjDKyxVMbybqDSbSMqxTsKISwwRGOggGAR
491,491,196,earring,,98.6,IMAGELINKHERE,tGjqpKDrkHUXLVLmkQmmuvZeGkTzGbiFKoJURzGAKVpFcVjudqlQeaBiFitXMwdJJWVdmu
492,492,558,charger,,320.66,IMAGELINKHERE,gerUoRebvvexFHyiXfpJDquJoTshRvHBWjNbUQPcqVJVyISAscoUumBUARdPRHoJfHnjmQ
493,493,635,water bottle,,63.5,IMAGELINKHERE,hiMOzmOUEHnvcYdbaoepkZLTPIpPVUnskefOsJxaaVliTehJDvZcwZWCpnjyjuhSvkSLLW
494,494,558,earring,,221.4,IMAGELINKHERE,yJuqmVQODJiAwWwNoNvKycZysYodMRQhzYZgqPZENMLvbbFfGficWdLKjaOSpslxIkxgpc
495,495,561,necklace,,225.45,IMAGELINKHERE,AsXjIjUEgEsTRluOPaCJxjAVdIgzeQEGjdovedTFjbtZJuFRdQvPGoYVTdNojUvhEbeCKN
496,496,680,earring,,361.92,IMAGELINKHERE,meoZzpzqibzhQVYUBIcPTBurwUerzyDJMApbIzgTDKTvlXBsAQLcrbtPRWVjekbsABfSyU
497,497,572,water bottle,,357.81,IMAGELINKHERE,DYGeHyvXgQNYOnvRgWSdsMvpzhzbRlaUgUgkjnTfvWDtNYWghbxlvcxcusOZKgCSZltOPP
498,498,415,computer,,362.33,IMAGELINKHERE,bmAsOBFRcZyFlHKhrpUJfMMQtCxtJyrytTNadSWqiDbitHtCiOYeRjkSRhHWawlNYSmMfZ
499,499,666,water bottle,,308.03,IMAGELINKHERE,xmfBpnOtGaxutjVjvgpWuRKKPIbUDyKPVhcwjXKRRMpwiEXYPkNTvmXSfxgHhLonXdddeX
500,500,221,nail polish,,95.46,IMAGELINKHERE,oVdfgalxKiRtPavkTfZylCgCoRZoYvfxBUmUeivjqKfNijsfzpQzVaMYGxycPKcyrgkAnx
501,501,333,t-shirt,,113.51,IMAGELINKHERE,wGQkVlTOoDqbgGFDqBCoZmQxiYrRaEYrcTfycGKaqDAnKIDdQenGIqbfpGyLOsVvmOFBNs
502,502,266,earring,,301.9,IMAGELINKHERE,QsaJWBvsILWdROniNkxJbMPbowmaWNGtdfRdjisaSLRafTHrSmzibLdGhHnjIXkTplOipw
503,503,463,t-shirt,,392.2,IMAGELINKHERE,nIYUrmdpBDODJGDNJkeiSBNHuBQBEvvURchYzuDyOkdOgjSxsWrwcVmCXGdYQMGVcoYRmF
504,504,143,charger,,73.05,IMAGELINKHERE,pLlyMNCHWFgvxLGdPvhxQLtQhcZGAHxQLdudKMqskTPjeAEqiMtknBmRsKuIkBEFatCnwV
505,505,567,water bottle,,2.88,IMAGELINKHERE,WVKzEgIMrNlBSwrLyORgoAjObOaOOMNxcenmKbVYgqsPZeVCfvkvoJfllcPdJBhkjhzBzT
506,506,28,volleyball,,381.49,IMAGELINKHERE,pJcxVpUtDJCeubdbPXahwYxNcugcVdLEXNOkEQbDfvXrHXxHnKqcybOiTkyuSYSnRKDdJc
507,507,559,jeans,,113.37,IMAGELINKHERE,hUjWJQwoUOHVhrBmxbLrWBmncEyiixwdYeUTXRgXdUBRtHRiBBHGQHuriHHpXbMbXHFrNZ
508,508,275,computer,,272.12,IMAGELINKHERE,vNbgnSooMmXiXhJkoWxgqVTMgShnibsKFnYSmOIFnxXbCYFtWBfjNvyRCGHylqilygAuti
509,509,651,nail polish,,342.11,IMAGELINKHERE,KiBFxGPqPMwqxdvNohaDTHxomvTxJTnwtuHDZOekQmdflsoUoMfSccHSFtXzFnnoCpFZez
510,510,398,necklace,,172.5,IMAGELINKHERE,rVcbdGpBQsLMcWoGSpJncjQSvkCQGCgCAxvrpbjqfLVGRVrYferEorkAwmGwRaQUZwPOiD
511,511,291,water bottle,,137.72,IMAGELINKHERE,nOZZIYOibAHUiEVSaIzlCXkkesWHeFCVaKBuNLXFgyaLweDLWxppOyiDrBsBjIHEzAwyiL
512,512,78,volleyball,,349.84,IMAGELINKHERE,YtNOHQZVEZROnHwCiTDhHKlNKxHkbViGXyxNGRXwFUDHrqacEXjBCgVdFOPksjMXQTtbCH
513,513,98,water bottle,,14.74,IMAGELINKHERE,tRsBTfpqyGSoYJCIZQDUEMRtrVfxmITAHOqzplwqGusImHmwWnQJeXBVOmIxxLvBTZxOXY
514,514,209,charger,,8.55,IMAGELINKHERE,VrgCqOKziexaytIDegBrZDBlxhebYNszMDBKYwwlkNxRtocsILbbTJWecNfYCzMHrmQlOP
515,515,41,jeans,,76.16,IMAGELINKHERE,IunVjMCSPufrbSTBiYBfjpFOnfORkprKYoyeUvUKVzTvaOeKZbcHmpXihbOlJIOsbpxLJm
516,516,573,t-shirt,,62.9,IMAGELINKHERE,wjFLQBuYtovQkfmVMlrrxAeObqfBZpPXvgquOgrdRdubbszUaOcqpzlPokBljNTcTHhQbM
517,517,317,chair,,269.87,IMAGELINKHERE,aXeIZxaiLptgYKeJXhaCdANbDzhErmMtFrBKZhiGHVXVfluoPkhBbYujXAOnlebfGhkknO
518,518,382,necklace,,284.33,IMAGELINKHERE,hmyHmSkBnVcvPxUHgKsEQhkCCrvojjrqgqBCwYsvGymSvQssMDKUGgKqqUNLzVFkInPTJG
519,519,497,computer,,270.32,IMAGELINKHERE,GlXCvxYNSRqWyKdTySbqtlApYrRWEGgGfvROUsnVNxExtgcYJtsLIwqpRGhytnXEPmdtLk
520,520,126,water bottle,,309.94,IMAGELINKHERE,LRHllLGgLSSQghwaRasUtqSvSpUamWkpYczwrtcObsvgkHSajOYskcPdwJCSLXguxLeIPD
521,521,407,necklace,,273.37,IMAGELINKHERE,TXLXimHWboeiUeQkubvFVskTkEQoNsxuyvADWlizCrZoaFUjQcrAwbhBwjogkedlDzQefO
522,522,328,necklace,,5.67,IMAGELINKHERE,FdicMWmyGFdkBHjIprvVAMitTGbYkaMWxzRtoGWiJWHAhMgCEOGoZXOOWKReoaOoeJLAyk
523,523,128,charger,,394.81,IMAGELINKHERE,WtDTdsjBsGvZtFeTWTyGDlDcvxVZjFSyDHVpzNfuIyLCrGElyzgNZEiQBgOHqYQCLgjiGw
524,524,687,nail polish,,302.4,IMAGELINKHERE,ewkukEXKfvBrebceDhNciEnwFQeQnZJDQCkLATqenKRrESqzXNTCMYxLXslJeVpQILGIGU
525,525,297,earring,,173.03,IMAGELINKHERE,gYZGRpJxMjeosZFBPMCOdBDCeUoCYDhPyVJwHQqyEiujRHouWxqqqmGtYDFxloHAlQGzuN
526,526,515,nail polish,,131.91,IMAGELINKHERE,BKtYUWLxAjswwNUeJzJliRJrrJYlrAhusvAggZmcFCobyUWmXcVKngiPSGBhgGSFjWzXIk
527,527,490,volleyball,,52.2,IMAGELINKHERE,DvosttZZsQOzxGHOoGNlWeSUPsEwTZMBHueHquNpUZOsJlgMtXahWrxzBxfiwoSnaHPxju
528,528,627,t-shirt,,314.85,IMAGELINKHERE,mEAXeMhbFyeHNKZawCchTMmgMPvJYsztCZmkgvHTmiduDpkZCgaBFnwyJXxOTgiFCJdIZX
529,529,322,volleyball,,166.73,IMAGELINKHERE,rWfsEqNICuglYzhcPcvdajwwFmOGyIOzXKbvAslpXYeqxoKBJEFkPqAWGokDMuVvaGfvxu
530,530,192,t-shirt,,95.76,IMAGELINKHERE,ZmvrSUkfyMzBolXZLwxVsyofGDicJlgWTWAelSsQvhfPnIUokdduSUdkQdfxQnIKgYFjWU
531,531,496,charger,,281.41,IMAGELINKHERE,pJtXWxQRIAGUjNKVWFbrzeRAnziuipAbAdqIAJzXIYeZCztuZBYCbGdmotffDFtTPukyhw
532,532,193,necklace,,375.92,IMAGELINKHERE,qPbVISyVWbfDxOwgzKXINkPGLfLdoxyPCHgzfZNjyVOjVdUtzTFcISTlmFNkOEcysaWJUH
533,533,585,water bottle,,387.53,IMAGELINKHERE,KPShhlwIyAurqunEfcxNIAOqczKaXLgtRVkMrsuWBnRbLeaCXFOYflUJuwaUNOxRlOrBlj
534,534,209,t-shirt,,144.08,IMAGELINKHERE,mcZMlLmykyDmHxFgosgjISKgoTvEYYDhWnQfAzKvsxWMVJslMDYloJKHWhGrnRUMMNMvsJ
535,535,564,volleyball,,245.94,IMAGELINKHERE,ldokymAPkBpiZCbeaQUNYPTIuoTBitWqWjikZbEEsZpLkzOYXGczzSCWsKqsgAhRDiOZxk
536,536,556,necklace,,52.46,IMAGELINKHERE,gVyNdxUqLotmiPIGZujBWhiNlkCrNMBQyqnbuQRVQNDBbjzDSdHlwBqAVtDHksCYwszhyV
537,537,120,earring,,294.0,IMAGELINKHERE,QfXXchxJAMgrYdziOdObaSMFyhtAFJACvOKVrPXWeHMtErLvLmXeIekSabrZRcjqjhKTnD
538,538,306,necklace,,388.58,IMAGELINKHERE,onGNwKWWBSRBeGSCdfijSUyDfWfepBbHcsHrpzdfAzDJrCsOheocrUxLZWVhBtTcOqrqQM
539,539,19,computer,,101.29,IMAGELINKHERE,tgGaUxOxBGVilLkOvypQjxeecPaaaqjaOOZRTGOSODRCEjHZQszEiqvbMRWQCkPxJUktKo
540,540,502,nail polish,,353.23,IMAGELINKHERE,AFeRcePslPcatZGZHpOpmsdgsyQGAsBmltWplxOBjPoguYDRuxLGgCRzlEXpqFXGSbcpDQ
541,541,157,necklace,,387.49,IMAGELINKHERE,xyeqEdzVuRTVsLatonGrEaRDkaRMUtkxWCvIrNXYQDexerWIXRPGgPyeMefLbAzvXbgxdY
542,542,125,computer,,61.56,IMAGELINKHERE,psXnMJREZwZWGfiHhrMetPWumxfKYRvcaoCToJRmJzDNTyApYPeJGLffGQeoECogjgsJpR
543,543,42,water bottle,,77.69,IMAGELINKHERE,nMMjuAdIIpzTUmglaNTpplwDeVGnWFeILBbBDXZwhnWMNsrmhPmbYilWcZlmagfNDUZWJt
544,544,245,charger,,104.49,IMAGELINKHERE,sqlAiSQgXCPoRfvZqbCQgQOJXWvJCjegxOHSlPfukrgOVeahJLCvTDOktYTebZjdNUvnFK
545,545,647,earring,,350.84,IMAGELINKHERE,uyLjwmzfEGhnSskkTdwfyMFVLlPJJxvedDJXyVZUAfHMcBmtCjjSGenELQFfPAKaMvTpJB
546,546,122,nail polish,,2.84,IMAGELINKHERE,tNNiEYlsalBevDBSeDAUCFrRWIojaBmYgzKoFHNqVtViFxdZEemBxUhHfIkOuOLwkScsTK
547,547,230,computer,,62.61,IMAGELINKHERE,kJwiiIZOLSqjxZgJtVSXAZZimpLcvcFykrTPPfWwudTmPkoLBlpstTrwgLBjHisLftEPfb
548,548,27,earring,,114.43,IMAGELINKHERE,eUCwxGPIBvELzspVLlRpssFTWAznPasQToVpypEDVHKgDieGhjEwCvlmMiKKgBSVYyYuOZ
549,549,19,jeans,,151.12,IMAGELINKHERE,slYBUOaIvOvhrBeaiFpywPRnCRKuitnSTtKIOBZqwUcmEHmOEeKOjlmTNiHXLIppbJHsaz
550,550,396,charger,,51.98,IMAGELINKHERE,oysTSCWIBvKcPYTlRftDyGzduVUlAmqghTKcGGIIjrQuNLPoarIouFJHVvmqIIavdNgIWR
551,551,54,t-shirt,,371.9,IMAGELINKHERE,gTYBYpnBstYdXMqTCPmYtKkLAPPyMAoroxYemZjsZtYMiuzcZSLFjRyBdSsJgtbbtFysGb
552,552,235,jeans,,94.14,IMAGELINKHERE,dpMdXUIYrsghKMTheHFHTnNwVYAbLrDhhfgqoIUYGADUMOWxibKBHjjcwtSjgfmxSnCWuR
553,553,581,water bottle,,362.14,IMAGELINKHERE,JPNjualAqPevsZMbFvvErxDovhZRalXxdsYyBsQJzHloPOjibluauZdHvcDbbLHPgakvAY
554,554,669,t-shirt,,201.22,IMAGELINKHERE,mVkbbGKgsJddaGWQilUqBIuLgMvLTXeYvgCcPyVoEjAoucvnHwptZydblpEoGQSBDOYEmH
555,555,248,charger,,63.86,IMAGELINKHERE,gNnzaraFNjDaKVlDYwpclEpOilpeHnLpAPelHqJDBbgQvtDAlMEBQmDgnmDlCzeWbhHSkM
556,556,192,earring,,328.16,IMAGELINKHERE,mnZCmvCjeJHbwRDTiXaHXXfLRZhfXorejOiiygOXgITeZvFKKivcVArGkRATmrlVfkOgEF
557,557,314,necklace,,52.42,IMAGELINKHERE,pcGSjQXtAajbZpYPNaJkwFWxrPvXhCqjOZaXhGZBFDlnTlEtsYdutkXMpaZoODOLTjYbNo
558,558,406,water bottle,,131.05,IMAGELINKHERE,XHyePuvOMpfxkaTfAEjzVgFIOyvNQmvSqRwaPVAWhVZjBoEMHAdYsmQpjaOgyAYDPYdsGf
559,559,481,computer,,148.85,IMAGELINKHERE,VkOkdEqwYiCAcoRMmodZnvAQUjreJLxeuqHMjuvAXAYDbsJolnSaxcZbkDnusIywDPHDVv
560,560,327,earring,,261.11,IMAGELINKHERE,BQWVcuyTyfElRGJfpHoPUModhYyMmoAbtBAjWlRvdRybOGCxuIWvRiprELoXnPHWwUssTG
561,561,328,t-shirt,,248.14,IMAGELINKHERE,FtuxDRtzZDaoYlNglHtizFJQsBiUpnTFMjoEbBlhNFjxlIYSKxQTNVusufdJFjvuvPRFeq
562,562,363,necklace,,203.05,IMAGELINKHERE,GeOHfsFfTxGJxcQSEIKtuTwsZvlPfRxTKnriZWvNJwRSLAxckVqDSObJsjoMZQNGrtyjXl
563,563,44,jeans,,38.53,IMAGELINKHERE,tapJYAVyRdaHvuzvVEBUquwUWCqIsvYNSgjJDbdIuVthjhKJRYICwhbCgUurlbLUeyvJfw
564,564,694,t-shirt,,334.36,IMAGELINKHERE,xxoKTBleTeCVWLWNfTLocJDIozPBtEJRwfGBOXtscqjnsCKurcnzCtDvgaGDfxYEViKxQp
565,565,58,nail polish,,112.54,IMAGELINKHERE,rgzIgRuzXgJUmdSPpnoPsLgrreacsIUWjvINwUtJXXtQfBuLBaODjneBDvIJLtebSmsUCz
566,566,109,chair,,105.2,IMAGELINKHERE,gJpvcwtddqMvxqWKXSGpVTANEIVuZRofOWsHdNtrFeKvpVUxpeWBiWbzFYemVOFbaMGRQw
567,567,637,jeans,,294.22,IMAGELINKHERE,etvcaqYtMibzqrJERAWYcgUzSbvHMxTqpJvQXRzmfvjlWLRussPpuEwaSvQGBrEcQuoyWE
568,568,496,jeans,,297.86,IMAGELINKHERE,LoPeVZjeknsDbmuGDIOodltQxgOWORJKXZhsWqqjEkUmZuwdpLLfHwTFHqmFMRamrPcFLK
569,569,17,volleyball,,302.53,IMAGELINKHERE,fsPRqYWUTEhJRkwNjUZAQsxfcewOEdZsvPVnlnObdFXwqbvKxYJKCMTCYlSzvcTesjMger
570,570,475,necklace,,195.02,IMAGELINKHERE,mFOHvLdujSgWQynaYdqQOhRTZSPagLvlluMedZviKNcDSFtqjrmcslrhzhmSnQBlsQbNMN
571,571,304,nail polish,,391.13,IMAGELINKHERE,ZnguIwQJUOiIXdECRFUaxnOQwDVyVuzXyPQpDfBdoPEINhDguPskvQIHwkqCWWwuPuESDD
572,572,38,computer,,53.69,IMAGELINKHERE,nJjtWRHKfHlQwZvIHTuoZALmaOhXUWOOWDCTezvuPeopwIOSOtDvkULEJYNwIkYmGVapeW
573,573,369,chair,,173.25,IMAGELINKHERE,JskwrPAOFtNpfxBfWhJDPlZdYJnuIxrqrjkCBbrPzIuUxRvfCutrtHSMHFOawtbQFYVHPT
574,574,35,nail polish,,28.18,IMAGELINKHERE,dHflDYeTNDoKHxlaBsRIaHUCdCsdErJZPKRYgmVZCQUIRgqzXzlwUwtfCGuqBTgopjhvlg
575,575,690,water bottle,,237.51,IMAGELINKHERE,jOmxWwDNRzBXVqhpqLJlLONZYiRXTTOQxpUhIDAOsnlVxaeODRguWJXphbFuChKRrZNbCa
576,576,685,charger,,148.49,IMAGELINKHERE,PehoMzcpFElxAPsTvFgLtBexGmNiDAtnktzuTdkYNrsPatrdrAyNOmuxLRBocERALPpaXA
577,577,610,volleyball,,47.59,IMAGELINKHERE,FpFBlxWOoCJrFsgYdVCPZjbCJcyiOogDakvqQvMzHXUjDanMhCvvLLVWrbGUOWUBeJlHTS
578,578,204,t-shirt,,135.67,IMAGELINKHERE,tEpJgETRzRbeSqmrzlrdJWARZuwSQOaisXizvwKCyckoHmsVwyCvPZpvJjNogHBfUjaKDi
579,579,203,jeans,,161.95,IMAGELINKHERE,bXjNnLUnHpaEYaZXCGyHSWHMoiDqBAizuJTBsXOcPAaHmUVakwnJXoXWxWSMzKVoYqRrGu
580,580,587,earring,,299.97,IMAGELINKHERE,HnFqbRilprZvXHIlzShULYjiwEwvzzmOuQfaTNBifgReKXnEykjXxxdpmwfPRJuSdZLPZG
581,581,271,nail polish,,147.05,IMAGELINKHERE,YcxAoUZZjawyZaRsrkomChtEQwZhqikWcatJThmYTaAuKSZqEvRuAlmQJQURtJqyAkaBKH
582,582,119,volleyball,,389.84,IMAGELINKHERE,pFLJDBJIMzUUmgDUlaRsBkucTlJiuTPKImzUzZRexUFSEReKMqbJifzZhiFCttFoEArYkr
583,583,433,volleyball,,122.26,IMAGELINKHERE,PQQRDOaNagyQdrTrKmggrkDwHTspCfpcvtwjjJFHLSxwXOvQojXJWnwyZQCLllzoRduKfP
584,584,100,volleyball,,28.85,IMAGELINKHERE,zDSNilNlTFagPnnUEQNPrzXiIPeKSLIhnXcAcSrJWciWDrBWgHcwcxetUQHGpKpvOotsKZ
585,585,605,chair,,109.55,IMAGELINKHERE,kvJLeJwpHMHlrYAiiFgZhkmqYRqjYnVPGIYqvBUsTSFDPZTZQlLlEKvQFTmUCwaqbwjMEf
586,586,241,earring,,89.41,IMAGELINKHERE,MCtfixyhoODlYNNVsqNTPEPePiVAzxeeDyvOetfMKQhwTBmPiFYjwdRaTHWUjDWmZAzTqE
587,587,385,nail polish,,189.03,IMAGELINKHERE,XmAZmxWLZCBJgVXXqCViuNloAUFYAWhCdPcGUfrrKpWQOZHEHGczRveijsnPWiOhjUipcT
588,588,334,volleyball,,104.3,IMAGELINKHERE,WzMXxrMWUaRdLyZJZLblCFTCsEBrJMCxgOQdQjqpNjZnTMheLfdSuOLkXZzYvAQWxdrvmq
589,589,445,earring,,215.41,IMAGELINKHERE,aNtcLfVjoFueQIzpKiNUECQyCmPIKxSvvAwYnldaokRlypaIgalNYITgOWyzFdulVpfNIR
590,590,693,necklace,,175.65,IMAGELINKHERE,GogefswZIwIXEdUqcbNIqUWOWfzHGwBRGJWiyAbiOZFcyzHCNsdsQOCznQxNWTunInDzDA
591,591,628,earring,,308.74,IMAGELINKHERE,mwGmIlbXavgXbgoBvrLIdGjCfNhmQyuLHteRBUZkdRlLKqCOWCFrpFDTjpdVTkHXkyAwgn
592,592,358,jeans,,385.13,IMAGELINKHERE,TCIkLGmBoBhLHcQtUiHSRvFMKMehrpwjLzPECgJJmBHJssfwlrtxHrvhFHHzUHpFneKDaI
593,593,113,volleyball,,351.45,IMAGELINKHERE,OOFcIjMAzmAWFpIGKaERBNQKFKSfcwCYwTVtaMnxDsVrvEzvYVXxtEMBaShJWWHdYkqnvG
594,594,5,earring,,35.46,IMAGELINKHERE,zpDcdYdlSeAtHfkIDICnGGFpDhjoimjvlkjkuiKzdCOYfAOQqCgRmtzjKMcTJXQyhHyAmu
595,595,621,computer,,144.45,IMAGELINKHERE,VFKrTsaDFvUwzYximdevFQoQrSOGtBptivNZzRGvvBNGmAeGqxZbMPttCbpmkdikCrdjhv
596,596,680,computer,,298.26,IMAGELINKHERE,sMUVJNJKtaosEbSGupmlvKhjAniynbgZECabGVKYxRuUefWLTYPTVIwjnmZwJGdrUnwFOB
597,597,463,nail polish,,323.62,IMAGELINKHERE,eYQHvmlMrugOtXaWroBjfYKjZoRBypCRzzqhokMgxZRvbBckPGLdVWXwpkLjbdfIALhOcK
598,598,330,chair,,326.68,IMAGELINKHERE,iJNGZastTlPdNxMrLmQtknwGViUfnzwdAKKfYBCqdIUHsQIZwHHxycXfBjwoVyyyQxyktf
599,599,30,nail polish,,25.46,IMAGELINKHERE,DSVDlOjvPPyPhSFbZwgvVUkLhHYTtZBCDINMfCquqxtiVWPlUKXwThoResQUZqLhYUWurU
