"0","49","0","Recent.","While.","342.15","https://placeimg.com/860/941/any","Program because account final discover success reach radio still car throughout commercial interest your performance morning American condition time page card evidence shoulder will cup base feel Mrs."
"1","42","1","Region.","School.","270.08","https://www.lorempixel.com/661/468","Machine network value require pick just officer down single southern name nature order story argue page important toward deal follow join opportunity writer manager statement number everyone peace can."
"2","18","2","Role.","So.","378.23","https://placekitten.com/886/448","Protect huge wall house himself feeling evening center official product focus detail article husband including down."
"3","23","3","Middle.","Bit.","364.69","https://placekitten.com/201/984","Prepare civil moment trial deal material interview together article level yet would magazine author history toward board the shake federal few building result interesting second here cell writer avoid affect."
"4","44","4","Forward.","System.","74.85","https://www.lorempixel.com/449/833","Account themselves significant international order herself new and rich attack serve court realize rest oil official station those fish reflect price make few likely."
"5","3","5","Truth.","Fine.","144.31","https://dummyimage.com/361x611","Work year third policy doctor the station time member color southern contain near nature culture which week local do field shoulder past argue every factor night establish pay quality likely report nearly."
"6","24","6","Skill.","There.","49.60","https://placekitten.com/138/263","Attention including everybody human final mention one arm fill character court its property trade ready face successful upon TV police officer security reason every focus close."
"7","27","7","Woman.","Action.","39.18","https://placeimg.com/751/722/any","Guy as number go year garden leave world science reflect second performance study car rule."
"8","24","8","Open.","Town.","375.95","https://placeimg.com/995/435/any","Agency which impact parent story six degree cultural rule including physical safe put same former picture western ability woman head everything rate discussion determine reflect."
"9","37","9","Rather.","Value.","300.02","https://placekitten.com/811/599","Contain heavy upon require speak school night international else wish peace know draw better red about perhaps green score science door bar save lose bank once ahead."
"10","55","10","Building.","Just.","245.48","https://www.lorempixel.com/713/565","Play crime produce nature sea mind wonder accept measure three avoid population leave speak behind student civil near to where rock spring."
"11","11","11","Make.","Attorney.","450.59","https://placeimg.com/56/955/any","Back anything leg state strategy both check professional church nothing by it garden he market voice art by will leader management music others administration unit recent rise use body media discover easy agent professor."
"12","49","12","Whatever.","Speech.","335.78","https://placekitten.com/669/391","Firm fish onto anyone modern majority often usually rate foreign long medical understand political girl thought analysis commercial."
"13","17","13","To.","Election.","136.74","https://placekitten.com/846/589","Admit price live family smile quite crime administration majority final when seem account have south thank possible dream cover since various computer effort between collection talk officer tend include increase discuss no stock ball."
"14","5","14","Front.","Wide.","255.53","https://placeimg.com/843/711/any","Huge allow example model town few majority past camera almost relationship hour able discuss beyond hit every single address explain never audience research operation stay different down sit base though."
"15","29","15","Agency.","Something.","66.96","https://placeimg.com/725/870/any","Theory let pattern part which try write usually design whether available everyone society young break feeling level his create economic specific apply staff from race."
"16","53","16","Pressure.","Effort.","321.89","https://www.lorempixel.com/185/601","Community whose player individual reach four brother other tree away help likely painting way successful why list improve serious design increase color."
"17","6","17","Stop.","Figure.","359.20","https://dummyimage.com/259x791","Recognize home create main traditional person administration reflect history talk system effect force research special night debate say professional within allow eat."
"18","41","18","Someone.","Police.","334.08","https://www.lorempixel.com/156/624","Agree until thousand member in best street six price sort manager strong company attention natural next often discover hour building spend suggest possible whom pick very southern."
"19","57","19","Hot.","Between.","50.18","https://placeimg.com/597/451/any","Quickly daughter country cut environment edge name down of perform something production shake main agreement former phone lose try consumer all key develop suddenly music resource position do if suddenly drop use source."
"20","32","20","Risk.","Scientist.","366.49","https://www.lorempixel.com/722/1001","Smile they smile budget middle camera program one region produce myself season weight former exactly trial."
"21","37","21","Mrs.","Stage.","194.67","https://www.lorempixel.com/953/590","When group security some after stuff her once success four into lay game huge low rule item never."
"22","16","22","Cut.","Class.","332.46","https://placeimg.com/996/734/any","Federal answer kitchen goal our grow play design go commercial court hope foot offer suddenly consumer history toward station ability relate sea skill."
"23","6","23","Manager.","Yes.","116.64","https://placekitten.com/461/946","Its tax force order discover exactly sense threat about staff style win purpose case well though seat meet quality offer measure beautiful history hotel leader step."
"24","19","24","Box.","Democrat.","440.71","https://dummyimage.com/725x824","Too sell hear party sure model star employee size pretty admit alone option ready trouble western car break early sort can election morning reflect school couple finally turn mean power dog."
"25","46","25","Fish.","Place.","251.68","https://placeimg.com/606/813/any","Buy score general behind staff design rise organization also watch wife run behavior recently court leg many effort station by long painting send team number wife."
"26","4","26","Great.","Sure.","4.28","https://placeimg.com/971/845/any","Mission care set within PM really effect culture glass executive in movement may poor do class door believe expect election night skill exist pass foot."
"27","6","27","Information.","Way.","274.21","https://dummyimage.com/43x990","What institution others home job bar exist sure late responsibility expect south plan yard foot dog education little surface stand."
"28","6","28","Drive.","Model.","242.68","https://placeimg.com/758/716/any","Population develop amount mouth pattern behavior travel kitchen carry movement law son ball call chair unit investment letter stop foreign indeed within example research professional."
"29","51","29","The.","Serve.","376.87","https://placekitten.com/16/282","Risk expert key many actually business community any eat also her cultural may explain move parent skin past if."
"30","43","30","Western.","Reach.","61.78","https://placekitten.com/884/487","Action with try question manager pass arm couple building animal change fund agreement relate decision certainly bill great too song tend poor out event state job them finish health whether middle decade player."
"31","8","31","Research.","Change.","75.36","https://dummyimage.com/121x389","High poor energy news alone card culture help official leader international when then play have whole building newspaper candidate natural."
"32","29","32","Opportunity.","Thousand.","305.42","https://dummyimage.com/831x684","Girl improve decade soon pressure outside however certainly detail cultural so art so level rule stuff police people country different prepare wait movie adult summer travel."
"33","8","33","Information.","Lead.","118.59","https://placekitten.com/94/353","Old plan eight ahead stock hear worry box onto would behind may matter hope evening herself whatever across career hotel environment prepare tax money everything represent care method wide scene upon wonder art station."
"34","30","34","Discuss.","Little.","279.21","https://placekitten.com/296/333","Agency lose sing player old trouble individual recognize summer air hundred clear tough moment soldier around oil college low fact nature brother on agency part."
"35","60","35","Couple.","Strong.","292.85","https://placekitten.com/920/150","Trouble Republican price game quite own key newspaper theory job free product behind suffer to remain thank show cultural political natural road last sign government."
"36","11","36","Each.","Send.","413.43","https://dummyimage.com/164x932","Sign bed cover white common author hot role me bar so provide old clearly administration style control cost of part American conference travel include that real share computer."
"37","41","37","Free.","These.","149.18","https://www.lorempixel.com/800/935","Election serve sea PM us fill analysis hope safe picture film media bed win goal thousand enjoy from tonight up."
"38","41","38","Because.","Bad.","364.82","https://placeimg.com/143/440/any","Nature property bank soon risk my others order director and support that ahead suffer process radio something project boy some away production."
"39","14","39","Among.","South.","60.25","https://dummyimage.com/408x929","Certainly season region crime son yes bad citizen break save society least tend society cold economy positive fast fight direction challenge adult later manage president call former join base court network manage let."
"40","36","40","Response.","Almost.","202.45","https://dummyimage.com/56x570","Role base down his that late baby social successful fight nearly play success role partner management room safe sell present community."
"41","14","41","Water.","Bill.","355.76","https://www.lorempixel.com/648/344","Audience long structure computer police return do may bad important second computer cold event item explain should morning none instead recently computer subject firm after participant soon watch."
"42","20","42","Manager.","Prepare.","127.64","https://placeimg.com/40/164/any","Event result along after somebody local reach whose result determine Republican he indeed few hand hear."
"43","46","43","Raise.","Pm.","267.29","https://www.lorempixel.com/776/92","Sort heavy degree wonder make rock could consumer help area piece stop benefit road north speech reason shoulder after control these."
"44","49","44","Executive.","Simply.","108.45","https://www.lorempixel.com/853/146","Million international he mind around kind serve like mention fight their fear computer camera rise seat sister yet fast force hour institution already it people treat mother listen yeah save tonight million themselves."
"45","9","45","Technology.","Course.","120.00","https://placeimg.com/648/403/any","Type off exist paper as enter camera special national employee lose organization foreign pass culture sound media through western understand every feel huge miss hospital ball east choice mind discussion I investment."
"46","22","46","Real.","Final.","190.20","https://placeimg.com/57/131/any","Develop fund building hand gun trip one if each matter amount prevent game thing trade article head beyond reveal successful seem remain fact sense decade hear wide their south."
"47","6","47","Land.","Test.","117.18","https://www.lorempixel.com/782/444","Entire away case especially class already herself attention himself sign again season enjoy than occur occur travel beyond item debate him alone suggest accept school mean performance act across expert subject vote final walk."
"48","43","48","Large.","Specific.","125.38","https://placeimg.com/752/1015/any","Public grow activity agreement painting environmental executive successful pretty knowledge human feel they against song happen Congress friend green near item serve since unit similar far couple none community industry admit position list."
"49","15","49","Edge.","Marriage.","379.77","https://placeimg.com/813/270/any","Miss Mr effect media claim foreign risk key positive through yard hard stock fish road young collection."
"50","44","50","Kind.","Late.","56.54","https://placeimg.com/778/378/any","Interest oil word first himself idea behind street fish majority help pull think maintain camera two enter."
"51","10","51","Often.","Television.","334.98","https://placeimg.com/361/153/any","Window very daughter fill product station team clearly so clear born trial generation community ball of instead tonight yet order."
"52","39","52","Book.","Dream.","250.55","https://placekitten.com/797/60","Important much loss computer tell medical pull join interest few catch movie young air seven might opportunity memory discussion responsibility."
"53","29","53","Believe.","Perhaps.","290.46","https://dummyimage.com/89x324","Quickly involve year already partner smile finally wear each five idea authority position recently site bed foot opportunity mouth present life than."
"54","59","54","Star.","Anything.","8.17","https://www.lorempixel.com/840/361","Dream sell include personal scene account short space morning movement stay skill cell local society."
"55","13","55","Hundred.","Face.","92.54","https://placeimg.com/982/64/any","West pick minute go record some forward suggest happen soldier human they area threat image arm require open popular probably play later stop bill southern will speak or activity agent."
"56","32","56","Hit.","He.","23.69","https://placekitten.com/866/559","Very table through item better behind city girl part industry issue new quite threat few speak place color morning home include explain building read painting range sit today book support size city bar center."
"57","56","57","Weight.","Sport.","285.56","https://placekitten.com/581/926","After beat entire think explain out purpose whole place I item organization arrive know contain economic enjoy sound quickly piece value education student line what professional peace seven full."
"58","56","58","Training.","Affect.","159.29","https://dummyimage.com/445x299","Main garden parent green listen field rise alone agent matter design prevent memory capital include spring house prevent."
"59","9","59","Current.","Plan.","430.24","https://www.lorempixel.com/817/29","Listen poor draw century process spring health finally effort skill assume finish wish rate decision camera I write up nice certainly such imagine."
"60","2","60","Difference.","Me.","0.18","https://placeimg.com/700/686/any","Rather politics lay foot respond ready meeting actually top one couple his can already side image leg quite improve kitchen hit imagine reveal after determine."
"61","41","61","Tv.","Sister.","35.45","https://www.lorempixel.com/143/86","Continue certain drive public food range Republican value effect pick mean born by easy finally contain list decision many program space high about wish half watch exactly standard big affect consider occur."
"62","11","62","Help.","Water.","19.10","https://www.lorempixel.com/932/116","Service activity travel will way ground wait accept number brother necessary can moment remain raise those similar."
"63","58","63","Fire.","Material.","29.97","https://placekitten.com/81/870","West player bar military manage company much both they join century old check tax relationship determine on follow choice author serve more the do arrive price behavior people."
"64","31","64","Great.","Maintain.","191.40","https://www.lorempixel.com/422/84","Former fine dinner near full church seek charge friend throughout since go into hand record without significant ability always help watch."
"65","37","65","Identify.","Public.","382.70","https://dummyimage.com/334x493","Data budget party action less enough how important into begin morning enough tree behavior support peace glass Mr my night this none attack same."
"66","5","66","Model.","Compare.","487.40","https://placekitten.com/601/687","Course or charge trouble within above rather bank condition reduce energy animal still by can this will right fight people open spend piece power be nor result best chair cut early shoulder blood left."
"67","13","67","Population.","Opportunity.","324.82","https://placeimg.com/145/810/any","Hand red speak agency class campaign such bag require her market individual sense five change customer participant."
"68","24","68","Market.","Song.","168.48","https://placekitten.com/247/617","Choose single special now until buy seven west beyond toward plant support doctor above national."
"69","18","69","Suddenly.","White.","170.51","https://dummyimage.com/253x410","Next son impact ask law cell contain bring matter lay fish either society write sit different include forward of stock life this drug itself prove enjoy someone him source forward section."
"70","46","70","Year.","City.","21.98","https://placeimg.com/462/492/any","Defense ask action top identify close now yet thing century cost room blue media network around animal skin event season quite affect pull thing consider region find phone itself think accept discuss."
"71","29","71","Put.","Real.","19.48","https://placekitten.com/999/226","Alone feeling next show agreement book least sort sometimes require finally war particular apply ever many amount time instead morning agree either half official mention."
"72","43","72","Time.","Important.","89.77","https://placekitten.com/903/699","Night step personal sea rest old pick charge person rock as a require suffer agency nor remain threat him how ok produce again leg field activity sing hour offer report after build then hospital."
"73","0","73","Teach.","Glass.","425.10","https://www.lorempixel.com/15/552","Magazine speech music despite guess move add standard south include mission scene decision affect choose great tree deal front decade remain up people road last some friend cold major sister red necessary."
"74","48","74","Build.","Man.","222.94","https://www.lorempixel.com/959/906","Task language at take side red store carry conference read its southern rest pretty deal whom feeling inside decision term some until study share agree great statement."
"75","58","75","Cup.","Weight.","430.01","https://dummyimage.com/543x264","Experience artist everyone white staff none throughout on bar improve material happy return everything bill clear film often realize account network south more interesting what unit visit pay budget kitchen upon scene natural."
"76","55","76","Congress.","Sea.","31.92","https://placekitten.com/824/835","Share push kid write box history culture sometimes happy she table office general culture others general recently way here under machine could suddenly."
"77","54","77","True.","Scientist.","306.98","https://dummyimage.com/564x82","Station suffer book score within occur concern happen resource out close much authority shake also stay fall young tree yet option my serve bed some teacher medical hit idea safe model defense store."
"78","23","78","Move.","Morning.","369.88","https://dummyimage.com/913x787","Reduce area expert here four him suffer lawyer light run decision not worker ever summer decision."
"79","27","79","Form.","Weight.","244.71","https://placeimg.com/21/800/any","Some whom program movie perform much special modern major meet southern during behind senior rise direction he democratic me must whose pressure."
"80","8","80","Worker.","Understand.","287.33","https://www.lorempixel.com/589/819","Stop letter response top north method position song husband end town analysis real run special suggest mission stage difficult car himself hear end significant card coach explain charge other her."
"81","34","81","American.","Important.","200.71","https://placekitten.com/38/397","Upon his fly development region scientist focus feel firm sort add religious sing week alone brother herself very tough computer type order maintain place course subject."
"82","8","82","Detail.","Case.","118.73","https://placeimg.com/121/450/any","Enjoy story land firm tax win look near film pay economy professor travel move tonight skin."
"83","3","83","Understand.","Sit.","33.59","https://placekitten.com/669/981","Face offer administration indicate answer carry size perhaps data tend name effect lot give people young probably increase next natural range recognize much light officer election important brother join positive."
"84","29","84","Now.","Partner.","130.02","https://placeimg.com/621/835/any","Suddenly fine discussion hundred democratic send attention a just able popular red arm unit event wrong time keep herself myself policy bring address where indicate decision."
"85","51","85","Here.","With.","164.72","https://www.lorempixel.com/906/369","Through development decision focus north low statement report make economy today few of recent mother season behavior carry education room line because conference street take former describe need eight."
"86","24","86","Nearly.","Since.","371.33","https://placekitten.com/957/68","Center move lay dark really against city write both necessary help six alone development article election machine affect message body."
"87","39","87","Peace.","Close.","316.30","https://placeimg.com/159/128/any","Analysis prepare institution place support could risk with more price material week market moment nice industry culture face shoulder bad home affect wear anything admit table."
"88","40","88","Fine.","Anything.","317.28","https://www.lorempixel.com/295/935","Stay fight easy rule government throw peace long policy not style lead visit employee better wall goal mind fact heart particularly night money occur pick become."
"89","53","89","Question.","According.","214.77","https://placekitten.com/421/471","And build grow coach method window force wrong allow mission sea usually prove through both let save much force team other alone learn size industry close."
"90","31","90","Book.","Government.","323.66","https://placeimg.com/682/763/any","Reflect nation attack Mr case hand dog manager catch task base teach behavior will much address avoid young arm point already world specific include music."
"91","17","91","Market.","Reveal.","42.80","https://placekitten.com/31/394","Second report certain possible him along bring notice outside west tonight color executive model early if cup true let tough collection head when project oil happy."
"92","56","92","Pick.","Bit.","183.82","https://placekitten.com/64/934","Poor maybe structure public include return bed style board reflect wear similar Congress economic option feel fill about article lead air carry writer hard."
"93","26","93","Collection.","Mother.","28.99","https://placekitten.com/643/658","Several sing quality relationship say poor church positive air collection work sign air method impact college hot under box."
"94","12","94","Everybody.","Result.","142.90","https://placeimg.com/1023/363/any","Southern huge player me whole cup staff let decision itself allow we Mr media Democrat level well than court place history."
"95","15","95","Something.","Myself.","50.86","https://placekitten.com/790/878","Great medical discover even while hand speech green camera authority dark wrong inside write talk painting community close simple drug live if news detail run weight room east suffer child four his need give."
"96","20","96","Coach.","Improve.","65.88","https://dummyimage.com/936x689","Their young although end too but out still many why pattern we notice course exist result newspaper home anyone this prepare political though side than tonight dog beautiful study generation floor owner nearly learn."
"97","59","97","Around.","Onto.","281.40","https://placeimg.com/988/880/any","Attorney study store whom response character nature carry our fund experience hold local usually street sing officer trip last."
"98","11","98","Keep.","The.","55.52","https://dummyimage.com/284x45","Central sport quite western serious method contain direction set you question follow yet meeting outside cover happy office myself himself about."
"99","3","99","Green.","Hand.","450.80","https://placekitten.com/308/885","Nearly consumer usually upon wish area quickly then financial people prove can station human audience type play exactly those fear subject particularly high contain like occur become claim."
