"0","tamaramorrison@hotmail.com","pbkdf2:sha256:260000$uuuyfjClN5yfzeEW$c4424df25dce1cc1e6a7d845967d1addaba1351b2911658d60606d684e80b574","9342 Lori Bypass Suite 711
East Sandra, CO 92162","Gary","Cross","945.69"
"1","carlsonholly@yahoo.com","pbkdf2:sha256:260000$FHO1frwtkHuRGCvH$6ed6ce18736ddfa264413b2fcf0cce0f74cbf21780e50bff10844e1d1c318f42","230 Megan Junctions Suite 197
North Thomas, OK 67164","Tracy","Robbins","939.39"
"2","bairdemma@hotmail.com","pbkdf2:sha256:260000$TM9PGkkrvSjv7l3l$e016f305d74747d6da67d3b88123673db87d7ea31b0ed360f30dbd883f087cf7","4217 Burton Brooks
Robinville, KS 17988","Anthony","Carson","669.66"
"3","zsmith@hotmail.com","pbkdf2:sha256:260000$ZF63TNBPoyKDuB4c$3a3d38030a11ba5d222cb8846ec47de23b7d70a5d0ca09f895fc8a082f6193fc","361 Robinson Green Apt. 635
North Lynntown, NC 59694","Sara","Evans","770.86"
"4","berryerika@hotmail.com","pbkdf2:sha256:260000$AaT99E6AJjOmwrz9$caf0d6ee3aee0ccec6283b7109d744a818ccda0ee387576ed9772abbd3b84479","634 Petersen Orchard
Lawsonbury, AK 86613","Charles","Scott","906.00"
"5","debra94@gmail.com","pbkdf2:sha256:260000$2t4BYdPnLFM9qPDf$c70ce9e7826229ced273a0994ba0d850db1bb94cc762bbc443f39f48d37512d2","306 Watson Field
Kellyland, AZ 64223","John","Ellis","261.03"
"6","eric22@gmail.com","pbkdf2:sha256:260000$BTw9fphCHeS1G7J3$4973fcfebd9f76411c0d7be5eb02725042ac671d7dd1a3888d53002dc6a3d547","45602 Phillip Squares
East Robertside, WA 19150","Melissa","Cantu","605.54"
"7","bramirez@gmail.com","pbkdf2:sha256:260000$BoYF6iqj12C6hZJP$409450faa0b0eeac939475268e4315e75e3139739b2272156d2d1541240d24ef","46896 Garcia Glen
Justinborough, CO 05147","Michael","Montgomery","72.33"
"8","yroman@hotmail.com","pbkdf2:sha256:260000$kjreBfKwM19oIxUq$b113c0a2ebd4251034230630f82aa1980d2f4661b29c6096eb77e43e8f3b6660","90603 Monica Lakes Apt. 239
Cheyennehaven, LA 46778","Andrew","Oliver","421.58"
"9","nhenson@yahoo.com","pbkdf2:sha256:260000$LUPhM69smMrUsbkr$84e2e0f476e8f5eb151cf12ea49caa8a6827c8c597439c02662bd3b251233b4d","602 Tracy Crossroad Suite 556
New Rachelside, ID 93702","Kristen","Smith","303.99"
"10","jensenanthony@hotmail.com","pbkdf2:sha256:260000$84Yw0eXCTRnlwhLO$a5976201ad295be0d171f2c5406d884aeafdfb200fe142a8f7f3ab01217c3691","38277 Padilla Common Suite 296
Port Leslie, MS 08257","Mark","Burnett","213.04"
"11","jennifersimmons@hotmail.com","pbkdf2:sha256:260000$8gkVuSuXLeYjPFmi$fcd51677e2692cf92a1aa46fd887d9ac6463600c0b0681a873295e119fbed7a7","299 Johnny Valley Suite 007
West Kellyberg, IA 67011","Cassandra","Murphy","364.20"
"12","stephanie28@gmail.com","pbkdf2:sha256:260000$VbnkNuMPE3MUyB3L$dcd8e8eddccc34486e1fa76cf47b45e5a4e60df639b3cb4e7c49290dd52f7b47","188 Fischer Grove
Justinchester, VT 37258","Amber","Moore","968.33"
"13","mark06@yahoo.com","pbkdf2:sha256:260000$xCYTeo9ofU32LmJk$5deff41dffcc7fabab7e1bb47149baaf18f8f6c49098d9c0929f92b9ccc7512d","550 James Creek
Williamstown, MO 16920","David","Macias","783.81"
"14","gutierrezbryan@yahoo.com","pbkdf2:sha256:260000$KUpnvAMwgZwmu6AT$c1bd4e21ba13e813e49c753497664153b45dbe70a0b0d06ae00da82e2433472c","251 Brown Knoll
Emilyshire, NH 54532","Kelly","Mckinney","185.03"
"15","andrewholloway@hotmail.com","pbkdf2:sha256:260000$xVc9oHEtKebAaPFR$52954f443d5cc41a75801c266ae5eee97753d8cefb19106c5261a3398f751c02","922 French Manor
Bradleymouth, IA 18566","John","Barron","372.65"
"16","gonzalezsusan@gmail.com","pbkdf2:sha256:260000$INZ7lu6AWmjJKSTZ$bb6f05c249538ec386fd42eca43996e3abfc9dc60f26a9d78c7f761afca73a3a","0486 Evelyn Grove Suite 352
North Christie, AK 56937","Sarah","Thomas","590.50"
"17","deleonwilliam@gmail.com","pbkdf2:sha256:260000$Aap4QqGxsMaKwurM$5f008e7b95a4a276aa3f4a9f00664fdc4c39b27336b26635d9a2d8f787a7cdcf","693 Erickson Lodge
Andrewberg, MS 22958","Maria","Harris","906.56"
"18","simpsonstacey@hotmail.com","pbkdf2:sha256:260000$QmjM1mIgGz9H32nJ$3082e979886377a313d0b2f76a7bf22b52530c665d1fb1213214c72b7fb5a92e","635 Valencia Drive Apt. 437
Justinberg, WI 16158","Charles","Shields","410.45"
"19","meyerchristine@yahoo.com","pbkdf2:sha256:260000$LW180Lh1kiuVdsXn$c694bbba818c978083f923b347da6521ecc0f7275bc4c703945c322dfd277cf7","66706 Patrick Track
New Stephanietown, MI 92756","Aimee","Nichols","376.43"
"20","lopezsarah@hotmail.com","pbkdf2:sha256:260000$8eGQpOTeekBr0Xaw$11556327d708b59bc15b5b471046d1da8e899a4500f1d5dbf1cf35d40262142b","50592 Myers Field
Crawfordburgh, AR 44929","Karen","Perez","908.97"
"21","janet06@gmail.com","pbkdf2:sha256:260000$hpQvvQuIJd8UcqXy$6119f65162d50a603add0caaee00509e9d1f6b21b97f5724a6e82fb9d014ddd8","302 Parker Plains Apt. 197
East Robertstad, CO 98152","Mark","Mitchell","23.98"
"22","martintyler@gmail.com","pbkdf2:sha256:260000$dEXZIrvSqtbOTK1b$c26a0e1ecd85a2a58d2ce48b2ffb7705e2b3c7aa1643b7d18750d4a0889a990d","51986 John Cove Apt. 927
New Marybury, CT 73611","Timothy","Anderson","856.90"
"23","hendersongavin@gmail.com","pbkdf2:sha256:260000$0miY1PkvHhj3EQUR$f3d480cb8282727a28e2cb8a90e2986b2bb5a888f95f9521a41e64beffc82bd8","0314 Madison Crossroad Suite 058
Martinezbury, LA 35700","Alejandra","Singleton","413.55"
"24","twright@hotmail.com","pbkdf2:sha256:260000$NyslxnDk1zoyo2y8$284ccc94214237d008eef2315d94bcb58323566f998178507bfcb6c178991e69","92555 Shaw Spurs Suite 207
New Randy, ME 58221","Kim","Nolan","142.60"
"25","jack27@hotmail.com","pbkdf2:sha256:260000$eXyUtSaiu2tRgGB8$255e59a8ab65d33711a883afabc417f97b231084cd8b737839f427c41c5e1fd9","300 Merritt Bypass Apt. 816
Martinborough, AR 44951","William","Smith","994.17"
"26","newtonsean@hotmail.com","pbkdf2:sha256:260000$BYj6UVFpoq7kn09l$7dfaaa89e65731b0edaadc1589d1c78101d5fbfb4a66bd9913e651719835035d","392 Barbara Heights
Johnnyfurt, AL 83909","Lisa","Beltran","882.06"
"27","destinywoods@hotmail.com","pbkdf2:sha256:260000$eeEDWtNzaK6ZRqaH$7757a634ca9a60e83a94cff9d0332414fc10652fdc657df379dde6c562085093","78264 Lewis Burg
Lutzburgh, NV 41821","Rachael","Diaz","592.41"
"28","santanajimmy@gmail.com","pbkdf2:sha256:260000$suFyA3SAhXDIP9B8$9ceae02a6785926e8da220871776d78f3d906ed70b973d0de0e659e8c5fb548c","96299 Joshua Estate Apt. 932
East Jonathan, ME 19541","Patrick","Graves","752.78"
"29","yfitzgerald@hotmail.com","pbkdf2:sha256:260000$7FogGZcIyPuspOyz$e47d4e8105742084d954bf3ec829b9b3be5d2f510770cd865c7e48362c79ddb8","049 Black Ports
Clarkborough, CO 13289","Katherine","Gomez","548.51"
"30","luke15@gmail.com","pbkdf2:sha256:260000$9xWZ95Y8NGoVgZYh$43346fba8ec34e715729553b037ffdcccee78670a3bcce419bc563d3bc805586","Unit 8666 Box 0271
DPO AA 83004","Jacqueline","Howell","677.19"
"31","tbraun@gmail.com","pbkdf2:sha256:260000$K4HIiqW3cZ3fufXG$77e80cc78117f512ed5e7956335383068eabeb7d99b74b5f63d907921ab777b7","55466 Tonya Shoal Apt. 319
East Monique, NV 42401","Mario","Shelton","997.01"
"32","aanderson@hotmail.com","pbkdf2:sha256:260000$jj1bgE1pOxoT4Uda$d7b4de78f64cafb1f35dff2527c3b37dff1c6b14da46d073706e9466e71031cd","61604 Kevin Pine Apt. 850
North Christopher, MA 59789","Timothy","Hayden","867.25"
"33","pperez@hotmail.com","pbkdf2:sha256:260000$5baI4au0r7Zq0413$3fadf9f032e0c88c4f8309238970e6842d09619cb130e60e130dcb4b0a334758","60969 Justin Passage Suite 774
Joshuaburgh, IN 61092","Ashley","Martin","331.82"
"34","justinbonilla@hotmail.com","pbkdf2:sha256:260000$eZpQaJlUjL7dY5b7$84c473e971b52c063d77485176e1b03712a5ec8606bd8d1fec29b014bc7269a7","726 Hardin Locks Suite 785
Robertshire, WI 22773","Daniel","Patterson","354.04"
"35","richardsandrew@hotmail.com","pbkdf2:sha256:260000$tnSBMSudMuy6eYIW$cc57aecef4572666158a28a5c817403b4374870b4c7e873eca6585455030762a","19131 Reynolds Crescent
Robbinsmouth, VA 22528","Jordan","Parker","552.13"
"36","jesse06@hotmail.com","pbkdf2:sha256:260000$UsbXtrrifXQG7fCG$6191e212146e3b9bae8c5d6f6ef2e75d4f1e159a05b93bc672c71b70a6cc2bef","0415 Smith Springs
Jeremyburgh, MN 69154","Debbie","Taylor","649.14"
"37","johnny46@hotmail.com","pbkdf2:sha256:260000$MwUtF7XZpZVXyrWE$e72c979babc027b5d3975242bc24c75fde5fe4073428b906451baf1e8866b131","4600 Peters Union
Jennifertown, NM 89462","Timothy","Kerr","829.49"
"38","freynolds@yahoo.com","pbkdf2:sha256:260000$Ioul8Z2RDZWzGMEv$73d8bd7483f016602479d83d1a9df90008aaf79257c036a8a9be9510aca1a57e","3412 Morris Highway
Cooperburgh, DC 92892","Julie","Taylor","348.28"
"39","lewisabigail@yahoo.com","pbkdf2:sha256:260000$mWyZ0qIrqTZjL7w0$7f3a29ad6e15a50c2d73312719d8511e73292bf434a9ef9259690d83a0a02846","8647 Donald Extensions
Perezbury, DC 58169","Brittany","Wilson","444.12"
"40","richard56@yahoo.com","pbkdf2:sha256:260000$EmzdeD1PkGTwzQqT$ee51b25fcbe61bd21db860ce77b66c4e276f22259211c335df2044f9f766b00b","6622 Lee Extension Apt. 148
New Melissa, NM 16412","Daniel","Cortez","492.31"
"41","rfuentes@yahoo.com","pbkdf2:sha256:260000$u1YycnOcaM2xlxbz$3692ab7384d4882549d4f022e0359f2a3daacab065bd3717e694a860c93e8ec7","1245 Lawson Overpass
Smithmouth, FL 54778","Karen","Snyder","826.03"
"42","amandarobinson@hotmail.com","pbkdf2:sha256:260000$oJuaSM7SzRIDM2xE$40b6ae85cb8d92f4bfe7764350262cc8412fbb10c091fe7a5275dc72000847dd","Unit 9122 Box 9990
DPO AA 34602","Christopher","Barber","218.68"
"43","gstone@yahoo.com","pbkdf2:sha256:260000$OvmYqbsGpGcywbuR$a23fe20077ac6e207cb9428fc1e98727b12eea77929fa4bd35c71ad824d06bf9","7803 Ellis Ferry
East Austin, LA 99768","Alexis","Williams","331.42"
"44","ginamartinez@yahoo.com","pbkdf2:sha256:260000$AK7gRTdtC6SZH6b3$7af84667be20599dffbac227f5f685bf14796454fe278432ce9b51ad10ccf6ed","0808 Cohen Glens Apt. 841
New Theresaside, HI 19821","Michelle","Estrada","816.15"
"45","powelljudy@hotmail.com","pbkdf2:sha256:260000$5pHy5uLwV6diosNv$1675a32fac60ed4eb2dc819b2ab00a9408d3054d53cf3a7ae33564c5cb1075df","11892 Howard Pass
South Kimberly, PA 24998","Francis","Lynch","995.43"
"46","elizabethstewart@hotmail.com","pbkdf2:sha256:260000$zHzRpW2qIyNUTSbe$49bcb7c76045c8347443cd86f9cea6ad61624c003a08d451295469312e6876c6","74632 Smith Way
East Ashleyton, MN 07618","Traci","Carpenter","683.28"
"47","kaitlyn18@hotmail.com","pbkdf2:sha256:260000$zQav39mVGIDmcaZY$a6234f7a8d077dcbb5a826ac1e15c00c82e2a35fec5bfafdaec65306365eb679","8443 Morrison Neck
Markshire, PA 79269","William","Mccarty","793.37"
"48","ywallace@hotmail.com","pbkdf2:sha256:260000$8uSP9h8LhCvPCFdl$fd92ee8862bfea9015229299a800717dab2fb367545f315618003818fa98710c","07432 Garcia Trafficway Suite 804
East Brianview, NC 87085","Devin","Oliver","793.74"
"49","ricksmith@yahoo.com","pbkdf2:sha256:260000$p25Qr8C4X9oj0cUL$cce6f67780197f65c629f334f4df372b90b5da0a53f35656500c1c76f7ad162a","90555 Valerie Springs
Michaelchester, MN 75887","Valerie","Rivera","258.19"
"50","richardharding@yahoo.com","pbkdf2:sha256:260000$tfayNj57L3t0aIje$f187bf2baf536b842df4670729981015b633448a981b35eade90fcb40cf75a3e","0422 Martinez Road Suite 296
Lake David, NH 41606","Mr.","Riddle","491.44"
"51","martinezsarah@hotmail.com","pbkdf2:sha256:260000$gLRRrLQKmoGgbmhG$b02b278ce3f2920b01228811b963bdbf282cb585e98958b088404be6f7ee91fa","9516 Cook Ranch
Melissaside, AR 04391","Kathleen","David","349.93"
"52","alexanderboyd@yahoo.com","pbkdf2:sha256:260000$7Qzbz0e94k9xZa5O$7d8366339f65ea0cd2ea75c8f05f5fc455aa7dce0ef208e7fcb02b99b8ce7137","554 Victor Forest
New Rebeccaville, NE 84490","Stephanie","Calhoun","103.04"
"53","mcculloughpatrick@yahoo.com","pbkdf2:sha256:260000$ylhHsgflU2OhlzdO$d2e1cc1462d008bea8c1ff53dad50e864f7091003a514890dbd8907c800e3578","0051 Natalie Pine
Port Ashleyside, IL 78104","David","Mckee","594.52"
"54","jason73@yahoo.com","pbkdf2:sha256:260000$lyKIPjPYqnehhPJ3$76040978ff59bdc9c7b7f9cfdc29f7a99cc9f17277018e7c55baf5843b24662c","USCGC Roy
FPO AP 62955","Jorge","Nelson","450.86"
"55","susan41@hotmail.com","pbkdf2:sha256:260000$vdDv1fIgRccAs5Ys$3b31bc7e019674b50022e0f1341f7ea03015bb306d7d899c7bf2b97dc60506db","70754 Strong Camp
Port Ethan, VT 92827","William","Edwards","947.98"
"56","patrick03@hotmail.com","pbkdf2:sha256:260000$y3HT2wHI9v2rYxwe$becdee8ae2e89f7c8576d48ccbaa2eda5634c0b161c415ba5d8206df0609f512","0066 Heather Springs Apt. 563
Kaylahaven, OK 20841","Ms.","Edwards","741.11"
"57","jmcmahon@gmail.com","pbkdf2:sha256:260000$Qft5ZazaSxMRSv4b$fc315fffa142ef358c3aed572c497908937ee60f2ad75d6a35df81fe30f20495","521 Gibson Fields Suite 602
Tiffanyside, TN 57606","Jimmy","Walker","951.99"
"58","brownshane@yahoo.com","pbkdf2:sha256:260000$RhohC2XdIGl41dfO$a632554b66dc4fb02e64a8f4e6c3f87fe9abdfaf526307d065f398bd35d031ea","900 Stephanie Locks
Kristenfort, CT 73331","Tracy","Davis","153.10"
"59","gregorymontgomery@hotmail.com","pbkdf2:sha256:260000$EQvR2nqzFR3ETlU8$ac2ead354db2edda50b381f49c96d580480129f24367a0b43d005045ff8129ba","53799 Sydney Parkways Apt. 735
Matthewtown, NE 99089","Stephanie","Garza","907.82"
"60","nathan44@hotmail.com","pbkdf2:sha256:260000$MnQ4fJLTKMC8MFTP$4a6caac38702f0139abc30a6057462b333a11da3cdeea33d598ada60c04fae5d","2616 Donna Mountains
Alexandertown, NH 64221","Timothy","Padilla","724.00"
"61","qdyer@yahoo.com","pbkdf2:sha256:260000$g1DE2c9Z0ddNdtqz$34ba4b0f5e43060b3ea2a804b3b522c97eef2d650de8ca0a892f8945f289d338","5640 Sara Lakes Apt. 150
Valenciachester, OR 56221","Tammy","Sexton","254.83"
"62","debra49@yahoo.com","pbkdf2:sha256:260000$DNYiWZwqga3Ltuv7$ae9292f20a9c59fd767ddd95a535508ec80cc239fbe8080bd5a76fb169a573fc","57680 Weaver Route Apt. 509
Duffychester, TX 94575","Cody","Morris","60.39"
"63","amanda91@hotmail.com","pbkdf2:sha256:260000$YHaNU3ewC0GDYR6h$a579edac03d5a13c6a6b3098bf9afbf9b04d3f7a87cd4abcd3a5efe77479b569","Unit 5182 Box 9799
DPO AA 69551","Lindsey","Davenport","358.34"
"64","mhiggins@hotmail.com","pbkdf2:sha256:260000$ZR1VwNFEaBaswak6$638e2a441f6d71e5ad824a76b1654dc14a35f1ea43070a7e133859f5f3678985","0587 Donna Skyway Suite 195
Port Brendaburgh, ME 87382","Ronald","Ferrell","895.23"
"65","mary99@gmail.com","pbkdf2:sha256:260000$KWuJGY1YOgqfclEw$5286d8d051ea2dfeaca1d76e18713950c0e31bfed61cdfbe0418c6104ffc5c91","725 John Summit
Wellston, HI 80342","Caitlyn","Fisher","810.02"
"66","heatherroman@hotmail.com","pbkdf2:sha256:260000$ePOhKLXlcipRUzp9$a3a23430cbc53c767437f12428e949473a9935ca8589759a19a65bd93c468291","643 Shelly Spur Apt. 344
Port Danielberg, NM 34987","Travis","Richardson","723.17"
"67","jeffreysmith@gmail.com","pbkdf2:sha256:260000$m8MHuEXWMb3BQ0TG$8f813f4941c83e86809ded8c5d8ea9b1ea6346c960a379138b06d56a3de769d6","9440 Nelson Course Apt. 907
East Christopherview, VA 10193","Samantha","Parrish","945.08"
"68","joshuawatson@hotmail.com","pbkdf2:sha256:260000$Tc02CTFpbNYLH3o3$f31bc3fc9df5dbcfdcf4a0b6adf587e91a2cb6e4832c4691a6e0c5f2e962d7d2","87513 Collins Radial Apt. 001
New Roberto, NY 12950","Jonathan","Ayala","93.61"
"69","christopherwilson@hotmail.com","pbkdf2:sha256:260000$pf3CP3CHkUAVfY54$e4ea9bb953edd73a0df18aa0a1acbd02980486a05a4f8e783e1cc71f64b673e5","8103 Michael Way
West Linda, ME 25927","George","Butler","884.81"
"70","patricia10@yahoo.com","pbkdf2:sha256:260000$FEutTtTeJzpqRmj4$866bda83c231e44fbc5e292e9d1e366cdd5df97174a5323514453446ba4bdb11","Unit 4616 Box 6533
DPO AE 79485","William","Bailey","454.49"
"71","michael74@yahoo.com","pbkdf2:sha256:260000$FSrXtPP8Sl8dn8WH$4748ef2a28a88eda1502509ea2519cec0b51e5e9bf67777426c692087eec4795","6179 Chapman Turnpike
Davisville, AK 20599","Kimberly","Park","545.72"
"72","upayne@hotmail.com","pbkdf2:sha256:260000$gBPbDN9M8IvuDYUL$1711d0f4c7210d2b8c95f31af7592bbc78f53d4e952007afb96a0e7fc3b46935","9623 Darlene Vista
Boyerhaven, WV 23452","Sonya","Lucas","975.18"
"73","kathrynespinoza@gmail.com","pbkdf2:sha256:260000$wIR1dbcamk6d2C1l$af00161319933d6c0fa8a1f450f727403fe3383179fb4092f9dc5d959c037a5e","9018 Lara Green
Ronaldfurt, AL 96547","Heather","Jackson","291.70"
"74","nicole92@hotmail.com","pbkdf2:sha256:260000$jdbUcBlKwUp11A6t$1a44960fdc7958e8343caf38bf500511a2edce70f2977a3a8f990d0d272ea59c","21827 Alejandro Bypass Suite 314
Shannonbury, TX 79795","Erin","Williams","569.55"
"75","alexandramitchell@gmail.com","pbkdf2:sha256:260000$vXGN8y8ZEMyKTvIo$33bfc416249daa476efd7c81484ae9702cf13c1049c59d54c43deab8785dec0a","65659 Kirby Island Apt. 019
Rodriguezmouth, IN 45087","Matthew","DDS","342.90"
"76","gregg31@yahoo.com","pbkdf2:sha256:260000$7ciVgr9RU8WH8jxd$7da4fdfcba1c9e9efaf5ce421f55fe833f6fae8004be8f55508c3405956f08fa","1183 Stephen Prairie Suite 402
Lake Stephaniemouth, TN 99530","Eric","Norton","579.39"
"77","evanslisa@gmail.com","pbkdf2:sha256:260000$hxcOjXymwxTDFvdr$ada070542d1c90db28fe3cc5d5311efa45a09522feae2ea8ab6f30882cdd83ea","7804 Hudson Hills
Amberfurt, LA 10945","Kevin","Massey","459.89"
"78","shawnharris@gmail.com","pbkdf2:sha256:260000$hOZiwxdEgsVueBI7$4e3b72f6e896119cb022901f4ea524f86936785cd42cab543df9717db0de4607","726 Gerald View Apt. 592
Huangstad, RI 55872","Michele","Hall","679.53"
"79","danieltucker@hotmail.com","pbkdf2:sha256:260000$awEYjTeufrGI1yNx$831675c598b8fe03ffb51997b2ec1634e806d6c1b4ee51b5e75972ee47db3677","67926 Ann Alley Apt. 895
Port Davidhaven, IN 92657","Jessica","Miller","721.21"
"80","morgantaylor@hotmail.com","pbkdf2:sha256:260000$VqlRsL7RBt6txw4F$5d64c7593e0ce57e33237760c84adfc7b8f56be906115ef8c9e7bda3c5104da9","USCGC Murphy
FPO AE 11473","Samantha","Olson","202.75"
"81","debra23@yahoo.com","pbkdf2:sha256:260000$RUKOnXKoyPUC6x9R$a481daa7336b76b4d47eab94b20c0f78e8f8e477a2c7a1b265c918f226f60381","2907 Madden Prairie
Lake Desireefurt, MD 53140","John","Bell","349.48"
"82","petersonshelly@gmail.com","pbkdf2:sha256:260000$fDyvt5zofQ5iE3sm$4c48eceee80deb9fc95682927390fbd6df823b53f56bde749ca7a62ba8597085","3400 Ryan Springs
Michelletown, WI 80213","Joshua","Salas","1.73"
"83","valerie19@hotmail.com","pbkdf2:sha256:260000$DRP2wmQwqxYDdLjx$cd64deecf97c0a383d3aa186955c73b1208a332ea7d1f89b11102c7583935f8a","769 Deleon Flats Apt. 564
Alisonmouth, DC 43604","Richard","Morales","153.15"
"84","paul12@yahoo.com","pbkdf2:sha256:260000$3XqhNwhdanWWKPI7$e1ef9bc18ed91e5116d120e3057627657ef1446932ba1cb9ab4247ced4018dd0","215 Kristen Ports
New Deborah, IN 29790","Joseph","Johnson","570.52"
"85","barbaranewton@yahoo.com","pbkdf2:sha256:260000$AQIC1g8ZeRkl1jjZ$71955cc7d596c29e84266777910e95399f8bb547b391c6a7bd920f506ffd567b","71463 Stacey Pike Suite 340
Port Rhondatown, AR 79141","Crystal","Palmer","997.30"
"86","rbuchanan@yahoo.com","pbkdf2:sha256:260000$gWjPPPFqkgu4YZGm$8b1a1c3ebcc3e8abbf872f0aa02e9f0f6b448de39ed7e8a94e2c3d76482fb398","813 Charles Extension
South Kristinstad, NH 23833","James","Gray","592.52"
"87","christopher24@gmail.com","pbkdf2:sha256:260000$VzyvMXSTKKjmkkGZ$6a5585f22245969c04d1baf50164b94503e77999a14425961a73b508877a6b1a","089 Tamara Stravenue Suite 340
Aaronmouth, MA 13454","Eric","Myers","658.24"
"88","mercadobrandon@gmail.com","pbkdf2:sha256:260000$IwOJxvej2DPsEgkZ$9a11e0740816d07f0de6dc537a4574c2ae8da2f874617b4e2b87d660cc7490c5","8393 Davis Spring
North Coreymouth, MS 82835","Cassie","Hogan","705.51"
"89","bnelson@yahoo.com","pbkdf2:sha256:260000$PTaIE42nDHcpxgC9$108f254c1e6eb99641a07a578062d27551d9db5a07a2f43759d2664e67c041f9","3137 Mark Villages
Boonefurt, MS 80386","Karen","Lee","744.69"
"90","snyderamber@gmail.com","pbkdf2:sha256:260000$dLrNRSUiNEMt5Ckc$6731b8a2b93ecf205ea2a23c84934720a41e66ee0f065330e7bb6fe321c5c6b1","8564 Fernandez Vista Suite 940
West Jenniferfurt, MI 78607","Brittany","Carroll","510.61"
"91","cantupatricia@yahoo.com","pbkdf2:sha256:260000$whQHDtsXB2FCK3Jb$f8209eb76b25717849d33347e433bb9b53de6704e9ba683ce30e7b20ce232dd9","78193 Parker Forges
Littlebury, MI 82557","Benjamin","Decker","999.06"
"92","stuartdavis@yahoo.com","pbkdf2:sha256:260000$nLvXKvmj4DAawIjN$6ffc924dc27455a1bfc9a73336c2d6515fb92afd7fe696bc9127230ce621d5a1","PSC 7057, Box 7049
APO AP 36099","Steven","Davis","207.22"
"93","howardgregory@yahoo.com","pbkdf2:sha256:260000$FVK7P7mPmR7uPyOD$e1734c4d94619052bd5c3f45a681ce3d67ac448e6d1eee5c75b7cc7d2bd47481","89826 Elliott Overpass Apt. 357
Reginachester, LA 57645","Robert","Morris","969.32"
"94","paullawrence@yahoo.com","pbkdf2:sha256:260000$0qe87aWr5S0ntAJ6$35438f7e0bec6810598444dfeb2d01e757ed7b9674f6ecce74a1ae0615f6be69","45396 Davis Road Suite 031
Virginiaville, KS 57281","John","Gutierrez","53.32"
"95","steinpamela@gmail.com","pbkdf2:sha256:260000$j7NCpt4GzFvV80uU$3cb6d721adb47d371977e5ff96061be557d0e9645059c1162aa26f53941be108","133 Zuniga Summit
Robertston, SC 08684","Kelsey","Knight","402.50"
"96","ian93@yahoo.com","pbkdf2:sha256:260000$exw0VhVQ6TXHazE4$a8822a94d558211a0be54ffcdf2c6faffcbfbff841aab9d363f3a470fcf41e13","402 Cox Pass
Tinachester, NV 24476","Rebecca","Morales","357.10"
"97","nrogers@gmail.com","pbkdf2:sha256:260000$VtBiaTPXH8FhvlIh$21c6037e97b29026cd8ce5250055c00845ce1ea3e845218a0696b1b62b023272","04001 Green Island Suite 629
New Mariamouth, ME 75278","Kimberly","Smith","487.13"
"98","troylopez@yahoo.com","pbkdf2:sha256:260000$vx2OigScf4gjcxAy$b798d4884ffcc02a22d06b7889b94ffbaf658fd3d47016ae4e7f0f56d5df3ba6","1788 Roger Summit
South Dawn, TX 48780","Courtney","Miller","108.54"
"99","audrey02@gmail.com","pbkdf2:sha256:260000$tQ2wxaQMCjHUOsdk$98f4f2d9946be14d8ff128e81ac584fc1a83f06540d8c2e232564976ab44f3a2","6946 James Orchard Suite 204
Port Joshua, WY 95985","Angela","Neal","802.65"
